Data operação;Categoria;Código Ativo;Operação C/V;Quantidade;Preço unitário;Corretora;Corretagem;Taxas;Impostos;IRRF
15/05/2023;Fundos imobiliários;HGLG11;C;20;163,97;NU INVEST CORRETORA DE VALORES;0;0;0;0
15/05/2023;Fundos imobiliários;VRTA11;C;20;87,6;NU INVEST CORRETORA DE VALORES;0;0;0;0
15/05/2023;Fundos imobiliários;HGCR11;C;38;103,38;NU INVEST CORRETORA DE VALORES;0;0;0;0
17/04/2023;Fundos imobiliários;VRTA11;C;29;82,86;MODAL DTVM LTDA;0;0;0;0
17/04/2023;Fundos imobiliários;MCCI11;C;20;86,09;MODAL DTVM LTDA;0;0;0;0
17/04/2023;Fundos imobiliários;KNSC11;C;10;85,75;MODAL DTVM LTDA;0;0;0;0
31/03/2023;Fundos imobiliários;VRTA11;C;23;85,9;MODAL DTVM LTDA;0;0;0;0
24/02/2023;Fundos imobiliários;KISU11;C;4;8,03;MODAL DTVM LTDA;0;0;0;0
17/02/2023;Fundos imobiliários;RBRR11;C;11;84,57;MODAL DTVM LTDA;0;0;0;0
25/01/2023;Fundos imobiliários;MCCI11;C;48;87,2;MODAL DTVM LTDA;0;0;0;0
24/01/2023;Fundos imobiliários;KISU11;V;500;8,1;MODAL DTVM LTDA;0;0;0;0
16/01/2023;Fundos imobiliários;XPLG11;C;9;93,51;MODAL DTVM LTDA;0;0;0;0
28/11/2022;Fundos imobiliários;XPML11;C;6;98,83;MODAL DTVM LTDA;0;0;0;0
28/11/2022;Fundos imobiliários;KISU11;C;9;8,04;MODAL DTVM LTDA;0;0;0;0
25/11/2022;Fundos imobiliários;XPLG11;V;43;99,09;MODAL DTVM LTDA;0;0;0;0
25/11/2022;Fundos imobiliários;SDIL11;C;79;91,25;MODAL DTVM LTDA;0;0;0;0
25/11/2022;Fundos imobiliários;BTLG11;V;57;98,79;MODAL DTVM LTDA;0;0;0;0
25/11/2022;Fundos imobiliários;KNSC11;C;16;85,5;MODAL DTVM LTDA;0;0;0;0
25/11/2022;Fundos imobiliários;RBRR11;C;16;87,59;MODAL DTVM LTDA;0;0;0;0
21/11/2022;Fundos imobiliários;KNSC11;C;25;85,46;MODAL DTVM LTDA;0;0;0;0
21/11/2022;Fundos imobiliários;CVBI11;C;10;89,24;MODAL DTVM LTDA;0;0;0;0
21/11/2022;Fundos imobiliários;RECR11;C;10;86,35;MODAL DTVM LTDA;0;0;0;0
18/11/2022;Ações;AERI3;V;500;1,49;MODAL DTVM LTDA;0;0;0;0
18/11/2022;Ações;SAPR3;V;300;3,2;MODAL DTVM LTDA;0;0;0;0
18/11/2022;Ações;OIBR3;V;3.000,00;0,18;MODAL DTVM LTDA;0;0;0;0
16/11/2022;Fundos imobiliários;VGIP11;V;12;86,64;MODAL DTVM LTDA;0;0;0;0
11/11/2022;Fundos imobiliários;URPR11;C;10;99,89;MODAL DTVM LTDA;0;0;0;0
10/11/2022;Ações;CSAN3;V;100;17,45;MODAL DTVM LTDA;0;0;0;0
10/11/2022;ETF;HASH11;C;110;15,6;MODAL DTVM LTDA;0;0;0;0
08/11/2022;Fundos imobiliários;RBRR11;C;29;90,45;MODAL DTVM LTDA;0;0;0;0
08/11/2022;Fundos imobiliários;VRTA11;V;23;95,73;MODAL DTVM LTDA;0;0;0;0
04/11/2022;Fundos imobiliários;RBRR11;C;20;89,29;MODAL DTVM LTDA;0;0;0;0
04/11/2022;Fundos imobiliários;CVBI11;C;10;91;MODAL DTVM LTDA;0;0;0;0
04/11/2022;Fundos imobiliários;RECR11;C;10;90,54;MODAL DTVM LTDA;0;0;0;0
04/11/2022;Fundos imobiliários;URPR11;C;10;101,15;MODAL DTVM LTDA;0;0;0;0
25/10/2022;Fundos imobiliários;GALG11;V;200;9,64;MODAL DTVM LTDA;0;0;0;0
25/10/2022;Fundos imobiliários;HGLG11;C;12;165,06;MODAL DTVM LTDA;0;0;0;0
25/10/2022;Fundos imobiliários;KISU11;C;6;8,88;MODAL DTVM LTDA;0;0;0;0
18/10/2022;Ações;OIBR3;C;3.000,00;0,36;MODAL DTVM LTDA;0;0;0;0
18/10/2022;Ações;AERI3;C;500;2,01;MODAL DTVM LTDA;0;0;0;0
18/10/2022;Ações;SAPR3;C;300;3,36;MODAL DTVM LTDA;0;0;0;0
17/10/2022;Fundos imobiliários;KISU11;C;6;8,64;MODAL DTVM LTDA;0;0;0;0
17/10/2022;Fundos imobiliários;RECR11;C;7;88,21;MODAL DTVM LTDA;0;0;0;0
17/10/2022;Fundos imobiliários;CVBI11;C;7;89,06;MODAL DTVM LTDA;0;0;0;0
13/10/2022;Fundos imobiliários;HGLG11;C;4;168,24;MODAL DTVM LTDA;0;0;0;0
13/10/2022;Fundos imobiliários;HGLG11;C;6;168,22;MODAL DTVM LTDA;0;0;0;0
13/10/2022;Fundos imobiliários;URPR11;C;10;102,02;MODAL DTVM LTDA;0;0;0;0
13/10/2022;Fundos imobiliários;VGIP11;C;12;89,73;MODAL DTVM LTDA;0;0;0;0
13/10/2022;Fundos imobiliários;KNSC11;C;12;85,46;MODAL DTVM LTDA;0;0;0;0
11/10/2022;ETF;IVVB11;V;83;204,58;MODAL DTVM LTDA;0;0;0;0
10/10/2022;Fundos imobiliários;RECR11;C;10;89,1;MODAL DTVM LTDA;0;0;0;0
10/10/2022;ETF Exterior;VOO;V;1,10960569;329,62;PASSFOLIO;0;0;0;0
06/10/2022;ETF Exterior;VOO;C;1,10960569;345,42;PASSFOLIO;0,00;0,00;0,00;0,00
05/10/2022;ETF Exterior;VOO;V;1,10587341;346,41;PASSFOLIO;0,00;0,00;0,00;0,00
04/10/2022;ETF Exterior;VOO;C;1,10587341;342,39;PASSFOLIO;0,00;0,00;0,00;0,00
04/10/2022;Fundos imobiliários;VRTA11;C;23,00000000;91,50;MODAL DTVM LTDA;0,00;0,00;0,00;0,00
30/09/2022;Fundos imobiliários;URPR11;C;10,00000000;103,08;MODAL DTVM LTDA;0,00;0,00;0,00;0,00
20/09/2022;Fundos imobiliários;MXRF11;V;26,00000000;10,29;MODAL DTVM LTDA;0,00;0,00;0,00;0,00
16/09/2022;Fundos imobiliários;KISU11;C;17,00000000;8,35;MODAL DTVM LTDA;0,00;0,00;0,00;0,00
15/09/2022;Fundos imobiliários;URPR11;C;5,00000000;103,19;MODAL DTVM LTDA;0,00;0,00;0,00;0,00
15/09/2022;Fundos imobiliários;HSML11;C;5,00000000;89,80;MODAL DTVM LTDA;0,00;0,00;0,00;0,00
09/09/2022;Fundos imobiliários;RECR11;C;5,00000000;91,83;MODAL DTVM LTDA;0,00;0,00;0,00;0,00
09/09/2022;Fundos imobiliários;CVBI11;C;3,00000000;91,77;MODAL DTVM LTDA;0,00;0,00;0,00;0,00
09/09/2022;Fundos imobiliários;KNSC11;C;3,00000000;85,65;MODAL DTVM LTDA;0,00;0,00;0,00;0,00
08/09/2022;Fundos imobiliários;URPR11;C;15,00000000;102,91;MODAL DTVM LTDA;0,00;0,00;0,00;0,00
08/09/2022;Fundos imobiliários;URPR11;C;15,00000000;102,99;MODAL DTVM LTDA;0,00;0,00;0,00;0,00
08/09/2022;Fundos imobiliários;GALG11;C;100,00000000;9,70;MODAL DTVM LTDA;0,00;0,00;0,00;0,00
08/09/2022;Fundos imobiliários;GALG11;C;100,00000000;9,75;MODAL DTVM LTDA;0,00;0,00;0,00;0,00
06/09/2022;Fundos imobiliários;CVBI11;C;10,00000000;92,35;MODAL DTVM LTDA;0,00;0,00;0,00;0,00
06/09/2022;ETF;IVVB11;C;5,00000000;225,80;MODAL DTVM LTDA;0,00;0,00;0,00;0,00
29/08/2022;Fundos imobiliários;CVBI11;C;10,00000000;92,90;MODAL DTVM LTDA;0,00;0,00;0,00;0,00
29/08/2022;ETF;IVVB11;C;5,00000000;222,78;MODAL DTVM LTDA;0,00;0,00;0,00;0,00
29/08/2022;Fundos imobiliários;BTLG11;C;10,00000000;102,18;MODAL DTVM LTDA;0,00;0,00;0,00;0,00
29/08/2022;ETF;HASH11;C;25,00000000;18,55;MODAL DTVM LTDA;0,00;0,00;0,00;0,00
29/08/2022;Fundos imobiliários;KNSC11;C;20,00000000;86,26;MODAL DTVM LTDA;0,00;0,00;0,00;0,00
29/08/2022;Ações;ITSA4;V;947,00000000;9,33;MODAL DTVM LTDA;0,00;0,00;0,00;0,00
17/08/2022;Fundos imobiliários;MXRF11;C;26,00000000;9,97;MODAL DTVM LTDA;0,00;0,00;0,00;0,00
15/08/2022;Fundos imobiliários;ALZR11;C;1,00000000;117,37;MODAL DTVM LTDA;0,00;0,00;0,00;0,00
11/08/2022;Fundos imobiliários;CVBI11;C;6,00000000;90,83;MODAL DTVM LTDA;0,00;0,00;0,00;0,00
11/08/2022;Fundos imobiliários;CVBI11;C;18,00000000;91,50;MODAL DTVM LTDA;0,00;0,00;0,00;0,00
11/08/2022;Fundos imobiliários;HSML11;C;5,00000000;81,99;MODAL DTVM LTDA;0,00;0,00;0,00;0,00
11/08/2022;Fundos imobiliários;RECR11;C;1,00000000;90,90;MODAL DTVM LTDA;0,00;0,00;0,00;0,00
11/08/2022;Fundos imobiliários;RECR11;C;1,00000000;90,87;MODAL DTVM LTDA;0,00;0,00;0,00;0,00
11/08/2022;Fundos imobiliários;RECR11;C;3,00000000;90,83;MODAL DTVM LTDA;0,00;0,00;0,00;0,00
11/08/2022;Ações;PSSA3;V;88,00000000;21,51;MODAL DTVM LTDA;0,00;0,00;0,00;0,00
11/08/2022;Ações;TAEE11;V;33,00000000;43,10;MODAL DTVM LTDA;0,00;0,00;0,00;0,00
09/08/2022;Fundos imobiliários;BTLG11;C;14,00000000;100,57;MODAL DTVM LTDA;0,00;0,00;0,00;0,00
09/08/2022;Fundos imobiliários;ALZR11;C;15,00000000;114,86;MODAL DTVM LTDA;0,00;0,00;0,00;0,00
09/08/2022;Fundos imobiliários;HSML11;C;10,00000000;79,30;MODAL DTVM LTDA;0,00;0,00;0,00;0,00
09/08/2022;Fundos imobiliários;KISU11;C;10,00000000;7,77;MODAL DTVM LTDA;0,00;0,00;0,00;0,00
09/08/2022;Fundos imobiliários;KNRI11;C;15,00000000;140,54;MODAL DTVM LTDA;0,00;0,00;0,00;0,00
09/08/2022;Fundos imobiliários;VISC11;C;10,00000000;103,96;MODAL DTVM LTDA;0,00;0,00;0,00;0,00
08/08/2022;ETF;IVVB11;C;11,00000000;233,60;MODAL DTVM LTDA;0,00;0,00;0,00;0,00
08/08/2022;ETF;IVVB11;C;30,00000000;232,31;MODAL DTVM LTDA;0,00;0,00;0,00;0,00
08/08/2022;Ações;PSSA3;V;200,00000000;21,07;MODAL DTVM LTDA;0,00;0,00;0,00;0,00
08/08/2022;Ações;TAEE11;V;100,00000000;42,91;MODAL DTVM LTDA;0,00;0,00;0,00;0,00
08/08/2022;ETF Exterior;VOO;V;0,49649000;381,31;AVENUE;0,00;0,00;0,00;0,00
08/08/2022;Ações;CSAN3;V;100,00000000;19,72;MODAL DTVM LTDA;0,00;0,00;0,00;0,00
08/08/2022;Ações;CSAN3;V;29,00000000;19,74;MODAL DTVM LTDA;0,00;0,00;0,00;0,00
08/08/2022;ETF;SMAL11;V;30,00000000;105,51;MODAL DTVM LTDA;0,00;0,00;0,00;0,00
08/08/2022;Ações;BBAS3;V;63,00000000;38,78;MODAL DTVM LTDA;0,00;0,00;0,00;0,00
02/08/2022;ETF Exterior;VOO;C;0,49649000;375,55;AVENUE;0,00;0,00;0,00;0,00
01/08/2022;ETF;IVVB11;V;5,00000000;234,00;MODAL DTVM LTDA;0,00;0,00;0,00;0,00
01/08/2022;Fundos imobiliários;HSML11;C;10,00000000;78,42;MODAL DTVM LTDA;0,00;0,00;0,00;0,00
01/08/2022;Ações;KLBN4;V;550,00000000;3,92;MODAL DTVM LTDA;0,00;0,00;0,00;0,00
26/07/2022;Fundos imobiliários;CVBI11;C;20,00000000;96,70;MODAL DTVM LTDA;0,00;0,00;0,00;0,00
26/07/2022;Fundos imobiliários;BTLG11;C;10,00000000;98,72;MODAL DTVM LTDA;0,00;0,00;0,00;0,00
26/07/2022;Ações;ITSA4;C;30,00000000;8,55;MODAL DTVM LTDA;0,00;0,00;0,00;0,00
26/07/2022;Fundos imobiliários;ALZR11;C;5,00000000;113,05;MODAL DTVM LTDA;0,00;0,00;0,00;0,00
26/07/2022;Fundos imobiliários;ALZR11;C;25,00000000;113,00;MODAL DTVM LTDA;0,00;0,00;0,00;0,00
26/07/2022;Fundos imobiliários;HSML11;C;5,00000000;77,92;MODAL DTVM LTDA;0,00;0,00;0,00;0,00
26/07/2022;Fundos imobiliários;HSML11;C;5,00000000;77,96;MODAL DTVM LTDA;0,00;0,00;0,00;0,00
26/07/2022;Fundos imobiliários;KISU11;C;4,00000000;7,93;MODAL DTVM LTDA;0,00;0,00;0,00;0,00
26/07/2022;Fundos imobiliários;KNRI11;C;5,00000000;134,52;MODAL DTVM LTDA;0,00;0,00;0,00;0,00
26/07/2022;Fundos imobiliários;KNRI11;C;25,00000000;134,50;MODAL DTVM LTDA;0,00;0,00;0,00;0,00
26/07/2022;Fundos imobiliários;URPR11;V;77,00000000;108,70;MODAL DTVM LTDA;0,00;0,00;0,00;0,00
19/07/2022;Fundos imobiliários;HSML11;C;1,00000000;77,16;MODAL DTVM LTDA;0,00;0,00;0,00;0,00
18/07/2022;Fundos imobiliários;HSML11;C;7,00000000;77,34;MODAL DTVM LTDA;0,00;0,00;0,00;0,00
18/07/2022;Fundos imobiliários;VISC11;C;4,00000000;100,09;MODAL DTVM LTDA;0,00;0,00;0,00;0,00
13/07/2022;ETF;IVVB11;C;16,00000000;223,95;MODAL DTVM LTDA;0,00;0,00;0,00;0,00
12/07/2022;Ações;BBSE3;V;145,00000000;25,30;MODAL DTVM LTDA;0,00;0,00;0,00;0,00
05/07/2022;Ações;ITSA4;C;20,00000000;8,22;MODAL DTVM LTDA;0,00;0,00;0,00;0,00
05/07/2022;Ações;PSSA3;C;8,00000000;18,06;MODAL DTVM LTDA;0,00;0,00;0,00;0,00
05/07/2022;Ações;CSAN3;C;9,00000000;17,18;MODAL DTVM LTDA;0,00;0,00;0,00;0,00
05/07/2022;Fundos imobiliários;URPR11;C;57,00000000;102,50;MODAL DTVM LTDA;0,00;0,00;0,00;0,00
29/06/2022;ETF;IVVB11;C;1,00000000;217,16;MODAL DTVM LTDA;0,00;0,00;0,00;0,00
29/06/2022;ETF;HASH11;C;15,00000000;17,35;MODAL DTVM LTDA;0,00;0,00;0,00;0,00
24/06/2022;Ações;TAEE11;C;100,00000000;39,10;MODAL DTVM LTDA;0,00;0,00;0,00;0,00
24/06/2022;Ações;TAEE11;C;33,00000000;39,11;MODAL DTVM LTDA;0,00;0,00;0,00;0,00
24/06/2022;Ações;TAEE4;V;400,00000000;13,06;MODAL DTVM LTDA;0,00;0,00;0,00;0,00
17/06/2022;ETF;HASH11;C;20,00000000;17,43;MODAL DTVM LTDA;0,00;0,00;0,00;0,00
17/06/2022;Ações;ITSA4;C;40,00000000;8,62;MODAL DTVM LTDA;0,00;0,00;0,00;0,00
17/06/2022;Ações;PSSA3;C;15,00000000;18,27;MODAL DTVM LTDA;0,00;0,00;0,00;0,00
17/06/2022;Ações;CSAN3;C;20,00000000;18,47;MODAL DTVM LTDA;0,00;0,00;0,00;0,00
17/06/2022;Ações;KLBN4;C;50,00000000;4,00;MODAL DTVM LTDA;0,00;0,00;0,00;0,00
15/06/2022;Fundos imobiliários;RECR11;C;11,00000000;98,00;MODAL DTVM LTDA;0,00;0,00;0,00;0,00
14/06/2022;Ações;ITSA4;C;100,00000000;8,68;MODAL DTVM LTDA;0,00;0,00;0,00;0,00
14/06/2022;Ações;CSAN3;C;50,00000000;18,50;MODAL DTVM LTDA;0,00;0,00;0,00;0,00
14/06/2022;Ações;KLBN4;C;500,00000000;4,05;MODAL DTVM LTDA;0,00;0,00;0,00;0,00
13/06/2022;ETF;IVVB11;C;20,00000000;211,04;MODAL DTVM LTDA;0,00;0,00;0,00;0,00
13/06/2022;ETF;HASH11;C;100,00000000;20,02;MODAL DTVM LTDA;0,00;0,00;0,00;0,00
13/06/2022;Ações;ITSA4;C;150,00000000;8,80;MODAL DTVM LTDA;0,00;0,00;0,00;0,00
13/06/2022;Ações;PSSA3;C;50,00000000;18,78;MODAL DTVM LTDA;0,00;0,00;0,00;0,00
13/06/2022;Ações;CSAN3;C;50,00000000;19,24;MODAL DTVM LTDA;0,00;0,00;0,00;0,00
13/06/2022;ETF;SMAL11;C;30,00000000;97,41;MODAL DTVM LTDA;0,00;0,00;0,00;0,00
09/06/2022;Ações;CSAN3;V;35,00000000;20,22;NU INVEST CORRETORA DE VALORES;0,00;0,00;0,00;0,00
09/06/2022;Ações;KLBN4;V;150,00000000;4,17;NU INVEST CORRETORA DE VALORES;0,00;0,00;0,00;0,00
08/06/2022;Fundos imobiliários;KNCR11;V;18,00000000;101,54;NU INVEST CORRETORA DE VALORES;0,00;0,00;0,00;0,00
02/06/2022;ETF Exterior;VT;V;20,52475021;92,98;PASSFOLIO;0,00;0,00;0,00;0,00
01/06/2022;Fundos imobiliários;BTLG11;C;3,00000000;102,98;MODAL DTVM LTDA;0,00;0,00;0,00;0,00
31/05/2022;ETF;HASH11;C;14,00000000;25,79;MODAL DTVM LTDA;0,00;0,00;0,00;0,00
23/05/2022;ETF;HASH11;C;19,00000000;24,73;MODAL DTVM LTDA;0,00;0,00;0,00;0,00
23/05/2022;Fundos imobiliários;KISU11;C;3,00000000;7,27;MODAL DTVM LTDA;0,00;0,00;0,00;0,00
09/05/2022;ETF;HASH11;C;10,00000000;30,01;MODAL DTVM LTDA;0,00;0,00;0,00;0,00
09/05/2022;Ações;ITSA4;C;27,00000000;8,85;MODAL DTVM LTDA;0,00;0,00;0,00;0,00
09/05/2022;Ações;PSSA3;C;20,00000000;19,55;MODAL DTVM LTDA;0,00;0,00;0,00;0,00
09/05/2022;Ações;CSAN3;C;10,00000000;17,50;NU INVEST CORRETORA DE VALORES;0,00;0,00;0,00;0,00
03/05/2022;Ações;ITSA4;C;30,00000000;9,12;MODAL DTVM LTDA;0,00;0,00;0,00;0,00
03/05/2022;Ações;CSAN3;C;25,00000000;19,52;NU INVEST CORRETORA DE VALORES;0,00;0,00;0,00;0,00
03/05/2022;Ações;KLBN4;C;50,00000000;4,09;NU INVEST CORRETORA DE VALORES;0,00;0,00;0,00;0,00
29/04/2022;Ações;KLBN4;C;100,00000000;4,11;NU INVEST CORRETORA DE VALORES;0,00;0,00;0,00;0,00
26/04/2022;Ações;ITSA4;C;65,00000000;9,50;MODAL DTVM LTDA;0,00;0,00;0,00;0,00
14/04/2022;Ações;ITSA4;C;37,00000000;10,06;MODAL DTVM LTDA;0,00;0,00;0,00;0,00
13/04/2022;Fundos imobiliários;CVBI11;C;8,00000000;101,70;MODAL DTVM LTDA;0,00;0,00;0,00;0,00
13/04/2022;Fundos imobiliários;CVBI11;C;14,00000000;101,71;MODAL DTVM LTDA;0,00;0,00;0,00;0,00
13/04/2022;Fundos imobiliários;KISU11;C;4,00000000;7,77;MODAL DTVM LTDA;0,00;0,00;0,00;0,00
13/04/2022;Fundos imobiliários;URPR11;C;20,00000000;108,65;MODAL DTVM LTDA;0,00;0,00;0,00;0,00
08/04/2022;Fundos imobiliários;IRDM11;V;40,00000000;110,20;NU INVEST CORRETORA DE VALORES;0,00;0,00;0,00;0,00
07/04/2022;Fundos imobiliários;KISU11;C;6,00000000;7,71;MODAL DTVM LTDA;0,00;0,00;0,00;0,00
07/04/2022;Fundos imobiliários;KNCR11;C;3,00000000;101,55;NU INVEST CORRETORA DE VALORES;0,00;0,00;0,00;0,00
07/04/2022;Fundos imobiliários;KNCR11;C;15,00000000;101,54;NU INVEST CORRETORA DE VALORES;0,00;0,00;0,00;0,00
07/04/2022;ETF Exterior;VT;C;2,10315071;99,66;PASSFOLIO;0,00;0,00;0,00;0,00
07/04/2022;Fundos imobiliários;HCTR11;V;7,00000000;119,64;NU INVEST CORRETORA DE VALORES;0,00;0,00;0,00;0,00
24/03/2022;Fundos imobiliários;KISU11;C;2,00000000;7,52;MODAL DTVM LTDA;0,00;0,00;0,00;0,00
24/03/2022;Fundos imobiliários;XPLG11;C;1,00000000;99,13;MODAL DTVM LTDA;0,00;0,00;0,00;0,00
22/03/2022;Fundos imobiliários;HSML11;C;3,00000000;74,95;MODAL DTVM LTDA;0,00;0,00;0,00;0,00
22/03/2022;Fundos imobiliários;HSML11;C;2,00000000;74,96;MODAL DTVM LTDA;0,00;0,00;0,00;0,00
22/03/2022;Ações;PSSA3;C;10,00000000;20,50;MODAL DTVM LTDA;0,00;0,00;0,00;0,00
22/03/2022;Fundos imobiliários;KISU11;C;50,00000000;7,49;MODAL DTVM LTDA;0,00;0,00;0,00;0,00
22/03/2022;Fundos imobiliários;TGAR11;V;10,00000000;111,81;NU INVEST CORRETORA DE VALORES;0,00;0,00;0,00;0,00
21/03/2022;Fundos imobiliários;HSML11;C;1,00000000;73,01;MODAL DTVM LTDA;0,00;0,00;0,00;0,00
21/03/2022;Fundos imobiliários;HSML11;C;6,00000000;73,02;MODAL DTVM LTDA;0,00;0,00;0,00;0,00
21/03/2022;Fundos imobiliários;KISU11;C;50,00000000;7,50;MODAL DTVM LTDA;0,00;0,00;0,00;0,00
21/03/2022;Fundos imobiliários;XPLG11;C;6,00000000;95,77;MODAL DTVM LTDA;0,00;0,00;0,00;0,00
18/03/2022;Fundos imobiliários;KISU11;C;9,00000000;7,60;MODAL DTVM LTDA;0,00;0,00;0,00;0,00
15/03/2022;Fundos imobiliários;HSML11;C;6,00000000;74,00;MODAL DTVM LTDA;0,00;0,00;0,00;0,00
07/03/2022;ETF;HASH11;C;10,00000000;34,94;MODAL DTVM LTDA;0,00;0,00;0,00;0,00
07/03/2022;Ações;ITSA4;C;4,00000000;9,71;MODAL DTVM LTDA;0,00;0,00;0,00;0,00
07/03/2022;ETF Exterior;VT;C;1,11386449;95,64;PASSFOLIO;0,00;0,00;0,00;0,00
07/03/2022;Fundos imobiliários;HCTR11;C;5,00000000;122,54;NU INVEST CORRETORA DE VALORES;0,00;0,00;0,00;0,00
04/03/2022;ETF;HASH11;C;28,00000000;36,88;MODAL DTVM LTDA;0,00;0,00;0,00;0,00
04/03/2022;Ações;ITSA4;C;99,00000000;9,77;MODAL DTVM LTDA;0,00;0,00;0,00;0,00
04/03/2022;ETF Exterior;VT;C;3,99493278;96,70;PASSFOLIO;0,00;0,00;0,00;0,00
03/03/2022;Fundos imobiliários;HSML11;C;20,00000000;76,37;MODAL DTVM LTDA;0,00;0,00;0,00;0,00
03/03/2022;Fundos imobiliários;KISU11;C;10,00000000;7,67;MODAL DTVM LTDA;0,00;0,00;0,00;0,00
03/03/2022;Fundos imobiliários;HCTR11;C;2,00000000;123,89;NU INVEST CORRETORA DE VALORES;0,00;0,00;0,00;0,00
03/03/2022;Fundos imobiliários;TGAR11;C;10,00000000;111,81;NU INVEST CORRETORA DE VALORES;0,00;0,00;0,00;0,00
02/03/2022;Ações;CSMG3;V;100,00000000;14,01;NU INVEST CORRETORA DE VALORES;0,00;0,00;0,00;0,00
02/03/2022;Ações;CSMG3;V;30,00000000;14,00;NU INVEST CORRETORA DE VALORES;0,00;0,00;0,00;0,00
23/02/2022;ETF Exterior;VT;C;1,97598784;98,70;PASSFOLIO;0,00;0,00;0,00;0,00
16/02/2022;Fundos imobiliários;KISU11;C;6,00000000;7,82;MODAL DTVM LTDA;0,00;0,00;0,00;0,00
16/02/2022;Fundos imobiliários;VISC11;C;1,00000000;99,27;MODAL DTVM LTDA;0,00;0,00;0,00;0,00
16/02/2022;Fundos imobiliários;VISC11;C;1,00000000;99,30;MODAL DTVM LTDA;0,00;0,00;0,00;0,00
16/02/2022;Fundos imobiliários;XPLG11;C;1,00000000;97,19;MODAL DTVM LTDA;0,00;0,00;0,00;0,00
09/02/2022;Fundos imobiliários;KISU11;C;6,00000000;7,76;MODAL DTVM LTDA;0,00;0,00;0,00;0,00
09/02/2022;Fundos imobiliários;VISC11;C;1,00000000;100,25;MODAL DTVM LTDA;0,00;0,00;0,00;0,00
09/02/2022;Fundos imobiliários;VISC11;C;14,00000000;100,26;MODAL DTVM LTDA;0,00;0,00;0,00;0,00
09/02/2022;Fundos imobiliários;IRDM11;C;40,00000000;110,20;NU INVEST CORRETORA DE VALORES;0,00;0,00;0,00;0,00
09/02/2022;Fundos imobiliários;HCTR11;V;1,00000000;122,74;NU INVEST CORRETORA DE VALORES;0,00;0,00;0,00;0,00
09/02/2022;Fundos imobiliários;HCTR11;V;10,00000000;122,75;NU INVEST CORRETORA DE VALORES;0,00;0,00;0,00;0,00
09/02/2022;Fundos imobiliários;HCTR11;V;8,00000000;122,76;NU INVEST CORRETORA DE VALORES;0,00;0,00;0,00;0,00
09/02/2022;Fundos imobiliários;HCTR11;V;1,00000000;122,79;NU INVEST CORRETORA DE VALORES;0,00;0,00;0,00;0,00
09/02/2022;Fundos imobiliários;CPTS11;V;17,00000000;97,29;NU INVEST CORRETORA DE VALORES;0,00;0,00;0,00;0,00
09/02/2022;Fundos imobiliários;CPTS11;V;11,00000000;97,28;NU INVEST CORRETORA DE VALORES;0,00;0,00;0,00;0,00
09/02/2022;Fundos imobiliários;CPTS11;V;8,00000000;97,26;NU INVEST CORRETORA DE VALORES;0,00;0,00;0,00;0,00
07/02/2022;Fundos imobiliários;KISU11;C;60,00000000;7,98;MODAL DTVM LTDA;0,00;0,00;0,00;0,00
07/02/2022;Fundos imobiliários;KISU11;C;78,00000000;7,99;MODAL DTVM LTDA;0,00;0,00;0,00;0,00
07/02/2022;Fundos imobiliários;VISC11;C;23,00000000;100,30;MODAL DTVM LTDA;0,00;0,00;0,00;0,00
07/02/2022;Fundos imobiliários;HCTR11;C;20,00000000;122,69;NU INVEST CORRETORA DE VALORES;0,00;0,00;0,00;0,00
07/02/2022;Fundos imobiliários;XPLG11;C;10,00000000;97,65;MODAL DTVM LTDA;0,00;0,00;0,00;0,00
04/02/2022;Fundos imobiliários;BTLG11;C;20,00000000;105,49;MODAL DTVM LTDA;0,00;0,00;0,00;0,00
04/02/2022;Fundos imobiliários;HSML11;V;8,00000000;75,15;MODAL DTVM LTDA;0,00;0,00;0,00;0,00
04/02/2022;Fundos imobiliários;HSML11;V;2,00000000;75,16;MODAL DTVM LTDA;0,00;0,00;0,00;0,00
04/02/2022;Fundos imobiliários;RECR11;C;10,00000000;103,50;MODAL DTVM LTDA;0,00;0,00;0,00;0,00
04/02/2022;Ações;PSSA3;C;4,00000000;19,22;MODAL DTVM LTDA;0,00;0,00;0,00;0,00
04/02/2022;Ações;PSSA3;C;46,00000000;19,23;MODAL DTVM LTDA;0,00;0,00;0,00;0,00
04/02/2022;Fundos imobiliários;KISU11;C;3,00000000;7,93;MODAL DTVM LTDA;0,00;0,00;0,00;0,00
04/02/2022;Fundos imobiliários;VISC11;C;5,00000000;99,88;MODAL DTVM LTDA;0,00;0,00;0,00;0,00
04/02/2022;Fundos imobiliários;VISC11;C;5,00000000;99,89;MODAL DTVM LTDA;0,00;0,00;0,00;0,00
04/02/2022;Fundos imobiliários;VISC11;V;59,00000000;99,80;MODAL DTVM LTDA;0,00;0,00;0,00;0,00
04/02/2022;Fundos imobiliários;VISC11;V;1,00000000;99,78;MODAL DTVM LTDA;0,00;0,00;0,00;0,00
04/02/2022;Ações;TAEE4;C;100,00000000;12,55;MODAL DTVM LTDA;0,00;0,00;0,00;0,00
04/02/2022;Fundos imobiliários;HCTR11;V;10,00000000;124,61;NU INVEST CORRETORA DE VALORES;0,00;0,00;0,00;0,00
04/02/2022;Fundos imobiliários;XPLG11;C;4,00000000;97,11;MODAL DTVM LTDA;0,00;0,00;0,00;0,00
04/02/2022;Fundos imobiliários;XPLG11;C;6,00000000;97,10;MODAL DTVM LTDA;0,00;0,00;0,00;0,00
04/02/2022;Ações;CSMG3;C;100,00000000;13,29;NU INVEST CORRETORA DE VALORES;0,00;0,00;0,00;0,00
04/02/2022;Fundos imobiliários;CPTS11;C;10,00000000;97,46;NU INVEST CORRETORA DE VALORES;0,00;0,00;0,00;0,00
04/02/2022;Fundos imobiliários;CPTS11;C;10,00000000;97,47;NU INVEST CORRETORA DE VALORES;0,00;0,00;0,00;0,00
04/02/2022;Fundos imobiliários;BCFF11;V;20,00000000;71,75;NU INVEST CORRETORA DE VALORES;0,00;0,00;0,00;0,00
04/02/2022;Fundos imobiliários;BRCO11;V;10,00000000;99,35;NU INVEST CORRETORA DE VALORES;0,00;0,00;0,00;0,00
04/02/2022;Fundos imobiliários;VILG11;V;10,00000000;100,22;NU INVEST CORRETORA DE VALORES;0,00;0,00;0,00;0,00
04/02/2022;Fundos imobiliários;XPML11;V;57,00000000;95,70;NU INVEST CORRETORA DE VALORES;0,00;0,00;0,00;0,00
04/02/2022;Ações;MGLU3;V;93,00000000;6,31;NU INVEST CORRETORA DE VALORES;0,00;0,00;0,00;0,00
03/02/2022;ETF;HASH11;C;18,00000000;35,36;MODAL DTVM LTDA;0,00;0,00;0,00;0,00
03/02/2022;Fundos imobiliários;HSML11;C;2,00000000;75,46;MODAL DTVM LTDA;0,00;0,00;0,00;0,00
03/02/2022;Fundos imobiliários;HSML11;C;4,00000000;75,53;MODAL DTVM LTDA;0,00;0,00;0,00;0,00
03/02/2022;Fundos imobiliários;HSML11;C;4,00000000;75,54;MODAL DTVM LTDA;0,00;0,00;0,00;0,00
03/02/2022;Fundos imobiliários;HCTR11;C;10,00000000;124,20;NU INVEST CORRETORA DE VALORES;0,00;0,00;0,00;0,00
03/02/2022;Fundos imobiliários;BRCO11;C;10,00000000;99,18;NU INVEST CORRETORA DE VALORES;0,00;0,00;0,00;0,00
03/02/2022;Fundos imobiliários;VILG11;C;10,00000000;102,22;NU INVEST CORRETORA DE VALORES;0,00;0,00;0,00;0,00
02/02/2022;Fundos imobiliários;KISU11;C;100,00000000;7,94;MODAL DTVM LTDA;0,00;0,00;0,00;0,00
02/02/2022;Fundos imobiliários;TGAR11;V;1,00000000;118,70;NU INVEST CORRETORA DE VALORES;0,00;0,00;0,00;0,00
02/02/2022;Fundos imobiliários;TGAR11;V;3,00000000;118,71;NU INVEST CORRETORA DE VALORES;0,00;0,00;0,00;0,00
02/02/2022;Fundos imobiliários;TGAR11;V;1,00000000;118,72;NU INVEST CORRETORA DE VALORES;0,00;0,00;0,00;0,00
02/02/2022;Fundos imobiliários;CPTS11;C;10,00000000;97,48;NU INVEST CORRETORA DE VALORES;0,00;0,00;0,00;0,00
02/02/2022;Fundos imobiliários;BCFF11;C;4,00000000;71,18;NU INVEST CORRETORA DE VALORES;0,00;0,00;0,00;0,00
02/02/2022;Fundos imobiliários;BCFF11;C;4,00000000;71,19;NU INVEST CORRETORA DE VALORES;0,00;0,00;0,00;0,00
02/02/2022;Fundos imobiliários;BCFF11;C;12,00000000;71,20;NU INVEST CORRETORA DE VALORES;0,00;0,00;0,00;0,00
01/02/2022;Ações;CSAN3;V;100,00000000;23,70;NU INVEST CORRETORA DE VALORES;0,00;0,00;0,00;0,00
01/02/2022;Ações;CSAN3;V;9,00000000;23,63;NU INVEST CORRETORA DE VALORES;0,00;0,00;0,00;0,00
01/02/2022;Ações;MGLU3;V;200,00000000;7,07;NU INVEST CORRETORA DE VALORES;0,00;0,00;0,00;0,00
01/02/2022;Ações;SAPR4;V;309,00000000;3,98;NU INVEST CORRETORA DE VALORES;0,00;0,00;0,00;0,00
01/02/2022;Ações;BPAC11;V;45,00000000;24,29;NU INVEST CORRETORA DE VALORES;0,00;0,00;0,00;0,00
01/02/2022;Ações;WEGE3;V;30,00000000;32,09;NU INVEST CORRETORA DE VALORES;0,00;0,00;0,00;0,00
28/01/2022;ETF Exterior;VT;C;4,57023545;99,38;PASSFOLIO;0,00;0,00;0,00;0,00
26/01/2022;ETF;HASH11;C;1,00000000;37,19;MODAL DTVM LTDA;0,00;0,00;0,00;0,00
26/01/2022;Fundos imobiliários;KISU11;C;1,00000000;8,07;MODAL DTVM LTDA;0,00;0,00;0,00;0,00
21/01/2022;ETF;HASH11;C;7,00000000;38,43;MODAL DTVM LTDA;0,00;0,00;0,00;0,00
21/01/2022;Ações;SAPR4;C;9,00000000;3,81;NU INVEST CORRETORA DE VALORES;0,00;0,00;0,00;0,00
19/01/2022;ETF;HASH11;C;35,00000000;42,55;MODAL DTVM LTDA;0,00;0,00;0,00;0,00
19/01/2022;Fundos imobiliários;HSML11;V;4,00000000;78,02;MODAL DTVM LTDA;0,00;0,00;0,00;0,00
19/01/2022;Fundos imobiliários;KISU11;C;35,00000000;8,33;MODAL DTVM LTDA;0,00;0,00;0,00;0,00
19/01/2022;Fundos imobiliários;KISU11;C;75,00000000;8,34;MODAL DTVM LTDA;0,00;0,00;0,00;0,00
19/01/2022;Ações;TAEE4;C;100,00000000;12,27;MODAL DTVM LTDA;0,00;0,00;0,00;0,00
19/01/2022;Fundos imobiliários;VILG11;V;2,00000000;106,31;NU INVEST CORRETORA DE VALORES;0,00;0,00;0,00;0,00
19/01/2022;Fundos imobiliários;VINO11;V;55,00000000;54,46;NU INVEST CORRETORA DE VALORES;0,00;0,00;0,00;0,00
19/01/2022;Fundos imobiliários;VINO11;V;2,00000000;54,45;NU INVEST CORRETORA DE VALORES;0,00;0,00;0,00;0,00
17/01/2022;Fundos imobiliários;HSML11;C;4,00000000;78,29;MODAL DTVM LTDA;0,00;0,00;0,00;0,00
17/01/2022;Fundos imobiliários;KISU11;C;6,00000000;8,18;MODAL DTVM LTDA;0,00;0,00;0,00;0,00
11/01/2022;ETF Exterior;VT;C;1,65077563;105,72;PASSFOLIO;0,00;0,00;0,00;0,00
10/01/2022;Fundos imobiliários;KISU11;C;6,00000000;8,09;MODAL DTVM LTDA;0,00;0,00;0,00;0,00
10/01/2022;Fundos imobiliários;TGAR11;C;4,00000000;118,20;NU INVEST CORRETORA DE VALORES;0,00;0,00;0,00;0,00
10/01/2022;Fundos imobiliários;TGAR11;C;1,00000000;118,21;NU INVEST CORRETORA DE VALORES;0,00;0,00;0,00;0,00
10/01/2022;Fundos imobiliários;CPTS11;C;2,00000000;97,35;NU INVEST CORRETORA DE VALORES;0,00;0,00;0,00;0,00
10/01/2022;Ações;CASH3;V;100,00000000;2,48;NU INVEST CORRETORA DE VALORES;0,00;0,00;0,00;0,00
10/01/2022;Ações;AERI3;V;60,00000000;5,85;NU INVEST CORRETORA DE VALORES;0,00;0,00;0,00;0,00
10/01/2022;Ações;SIMH3;V;25,00000000;9,04;NU INVEST CORRETORA DE VALORES;0,00;0,00;0,00;0,00
07/01/2022;Ações;PSSA3;C;20,00000000;19,00;MODAL DTVM LTDA;0,00;0,00;0,00;0,00
07/01/2022;Fundos imobiliários;CPTS11;C;4,00000000;97,51;NU INVEST CORRETORA DE VALORES;0,00;0,00;0,00;0,00
07/01/2022;Ações;SAPR4;C;100,00000000;3,49;NU INVEST CORRETORA DE VALORES;0,00;0,00;0,00;0,00
07/01/2022;Ações;WEGE3;C;30,00000000;29,77;NU INVEST CORRETORA DE VALORES;0,00;0,00;0,00;0,00
06/01/2022;Ações;ITSA4;C;30,00000000;9,00;MODAL DTVM LTDA;0,00;0,00;0,00;0,00
06/01/2022;Ações;TAEE11;V;73,00000000;36,30;NU INVEST CORRETORA DE VALORES;0,00;0,00;0,00;0,00
06/01/2022;Ações;TAEE4;C;200,00000000;12,12;MODAL DTVM LTDA;0,00;0,00;0,00;0,00
06/01/2022;Ações;CSMG3;C;30,00000000;11,90;NU INVEST CORRETORA DE VALORES;0,00;0,00;0,00;0,00
06/01/2022;Fundos imobiliários;VILG11;C;2,00000000;95,80;NU INVEST CORRETORA DE VALORES;0,00;0,00;0,00;0,00
06/01/2022;Ações;SAPR4;C;100,00000000;3,60;NU INVEST CORRETORA DE VALORES;0,00;0,00;0,00;0,00
06/01/2022;Ações;CASH3;C;100,00000000;2,60;NU INVEST CORRETORA DE VALORES;0,00;0,00;0,00;0,00
06/01/2022;Ações;AERI3;C;60,00000000;5,75;NU INVEST CORRETORA DE VALORES;0,00;0,00;0,00;0,00
06/01/2022;Ações;SIMH3;C;25,00000000;9,45;NU INVEST CORRETORA DE VALORES;0,00;0,00;0,00;0,00
05/01/2022;Fundos imobiliários;VILG11;V;7,00000000;94,80;NU INVEST CORRETORA DE VALORES;0,00;0,00;0,00;0,00
05/01/2022;Ações;SAPR4;C;100,00000000;3,66;NU INVEST CORRETORA DE VALORES;0,00;0,00;0,00;0,00
29/12/2021;Fundos imobiliários;KISU11;C;17,00000000;8,17;MODAL DTVM LTDA;0,00;0,00;0,00;0,00
21/12/2021;Ações;SAPR11;V;151,00000000;18,87;NU INVEST CORRETORA DE VALORES;0,00;0,00;0,00;0,00
21/12/2021;Ações;ENBR3;V;80,00000000;20,68;NU INVEST CORRETORA DE VALORES;0,00;0,00;0,00;0,00
21/12/2021;Ações;KLBN11;V;20,00000000;25,78;NU INVEST CORRETORA DE VALORES;0,00;0,00;0,00;0,00
20/12/2021;Ações;ITSA4;C;32,00000000;9,50;MODAL DTVM LTDA;0,00;0,00;0,00;0,00
20/12/2021;ETF Exterior;VT;C;2,49796590;103,24;PASSFOLIO;0,00;0,00;0,00;0,00
20/12/2021;Ações;MGLU3;C;5,00000000;6,54;NU INVEST CORRETORA DE VALORES;0,00;0,00;0,00;0,00
20/12/2021;Ações;KLBN11;C;20,00000000;25,85;NU INVEST CORRETORA DE VALORES;0,00;0,00;0,00;0,00
17/12/2021;ETF;HASH11;C;5,00000000;50,91;MODAL DTVM LTDA;0,00;0,00;0,00;0,00
17/12/2021;Ações;ITSA4;C;50,00000000;9,57;MODAL DTVM LTDA;0,00;0,00;0,00;0,00
17/12/2021;Ações;PSSA3;C;15,00000000;21,10;MODAL DTVM LTDA;0,00;0,00;0,00;0,00
17/12/2021;Fundos imobiliários;VILG11;C;4,00000000;95,91;NU INVEST CORRETORA DE VALORES;0,00;0,00;0,00;0,00
17/12/2021;Fundos imobiliários;VILG11;C;1,00000000;95,93;NU INVEST CORRETORA DE VALORES;0,00;0,00;0,00;0,00
17/12/2021;Fundos imobiliários;VINO11;C;10,00000000;54,81;NU INVEST CORRETORA DE VALORES;0,00;0,00;0,00;0,00
17/12/2021;Ações;KLBN11;V;73,00000000;26,48;NU INVEST CORRETORA DE VALORES;0,00;0,00;0,00;0,00
17/12/2021;Ações;ABEV3;V;31,00000000;16,17;NU INVEST CORRETORA DE VALORES;0,00;0,00;0,00;0,00
10/12/2021;Ações;BBAS3;C;63,00000000;32,54;MODAL DTVM LTDA;0,00;0,00;0,00;0,00
10/12/2021;Ações;KLBN4;V;300,00000000;4,82;NU INVEST CORRETORA DE VALORES;0,00;0,00;0,00;0,00
10/12/2021;Ações;KLBN4;V;90,00000000;4,81;NU INVEST CORRETORA DE VALORES;0,00;0,00;0,00;0,00
10/12/2021;Ações;SAPR4;V;750,00000000;3,92;NU INVEST CORRETORA DE VALORES;0,00;0,00;0,00;0,00
10/12/2021;Ações;BPAC11;C;45,00000000;22,87;NU INVEST CORRETORA DE VALORES;0,00;0,00;0,00;0,00
10/12/2021;Ações;SAPR11;C;151,00000000;19,50;NU INVEST CORRETORA DE VALORES;0,00;0,00;0,00;0,00
10/12/2021;Ações;KLBN11;C;58,00000000;25,62;NU INVEST CORRETORA DE VALORES;0,00;0,00;0,00;0,00
10/12/2021;Ações;KLBN11;C;15,00000000;25,63;NU INVEST CORRETORA DE VALORES;0,00;0,00;0,00;0,00
10/12/2021;Ações;ABEV3;C;31,00000000;16,02;NU INVEST CORRETORA DE VALORES;0,00;0,00;0,00;0,00
10/12/2021;Ações;BBDC3;V;180,00000000;17,16;NU INVEST CORRETORA DE VALORES;0,00;0,00;0,00;0,00
08/12/2021;Ações;TAEE11;C;73,00000000;35,95;NU INVEST CORRETORA DE VALORES;0,00;0,00;0,00;0,00
08/12/2021;Ações;TAEE4;V;220,00000000;11,94;MODAL DTVM LTDA;0,00;0,00;0,00;0,00
02/12/2021;Fundos imobiliários;KISU11;C;9,00000000;7,63;MODAL DTVM LTDA;0,00;0,00;0,00;0,00
02/12/2021;Fundos imobiliários;BCFF11;V;1,00000000;65,02;NU INVEST CORRETORA DE VALORES;0,00;0,00;0,00;0,00
25/11/2021;Ações;ITSA4;C;4,00000000;10,00;MODAL DTVM LTDA;0,00;0,00;0,00;0,00
24/11/2021;Fundos imobiliários;XPML11;C;9,00000000;102,88;NU INVEST CORRETORA DE VALORES;0,00;0,00;0,00;0,00
18/11/2021;Ações;ITSA4;C;42,00000000;9,87;MODAL DTVM LTDA;0,00;0,00;0,00;0,00
18/11/2021;Ações;ITSA4;C;4,00000000;9,91;MODAL DTVM LTDA;0,00;0,00;0,00;0,00
18/11/2021;Ações;CSAN3;C;5,00000000;21,23;NU INVEST CORRETORA DE VALORES;0,00;0,00;0,00;0,00
18/11/2021;Ações;KLBN4;C;10,00000000;4,29;NU INVEST CORRETORA DE VALORES;0,00;0,00;0,00;0,00
18/11/2021;Fundos imobiliários;BCFF11;C;1,00000000;64,05;NU INVEST CORRETORA DE VALORES;0,00;0,00;0,00;0,00
18/11/2021;Ações;MGLU3;C;20,00000000;9,25;NU INVEST CORRETORA DE VALORES;0,00;0,00;0,00;0,00
18/11/2021;Ações;SAPR4;C;50,00000000;3,78;NU INVEST CORRETORA DE VALORES;0,00;0,00;0,00;0,00
16/11/2021;Fundos imobiliários;VILG11;C;2,00000000;92,03;NU INVEST CORRETORA DE VALORES;0,00;0,00;0,00;0,00
11/11/2021;Ações;ITSA4;C;2,00000000;10,25;MODAL DTVM LTDA;0,00;0,00;0,00;0,00
09/11/2021;Fundos imobiliários;RECR11;C;1,00000000;98,63;MODAL DTVM LTDA;0,00;0,00;0,00;0,00
09/11/2021;Fundos imobiliários;RECR11;C;9,00000000;98,64;MODAL DTVM LTDA;0,00;0,00;0,00;0,00
09/11/2021;Fundos imobiliários;KISU11;C;45,00000000;7,51;MODAL DTVM LTDA;0,00;0,00;0,00;0,00
09/11/2021;Fundos imobiliários;KISU11;C;184,00000000;7,52;MODAL DTVM LTDA;0,00;0,00;0,00;0,00
09/11/2021;Fundos imobiliários;XPLG11;C;39,00000000;94,75;MODAL DTVM LTDA;0,00;0,00;0,00;0,00
09/11/2021;Fundos imobiliários;GGRC11;V;34,00000000;110,00;NU INVEST CORRETORA DE VALORES;0,00;0,00;0,00;0,00
09/11/2021;Ações;BIDI11;V;25,00000000;42,95;NU INVEST CORRETORA DE VALORES;0,00;0,00;0,00;0,00
09/11/2021;Ações;RDOR3;V;23,00000000;58,30;NU INVEST CORRETORA DE VALORES;0,00;0,00;0,00;0,00
09/11/2021;Ações;RDOR3;V;4,00000000;58,50;NU INVEST CORRETORA DE VALORES;0,00;0,00;0,00;0,00
08/11/2021;Fundos imobiliários;KISU11;C;100,00000000;7,51;MODAL DTVM LTDA;0,00;0,00;0,00;0,00
08/11/2021;Fundos imobiliários;VISC11;C;10,00000000;98,00;MODAL DTVM LTDA;0,00;0,00;0,00;0,00
08/11/2021;Ações;KLBN4;C;77,00000000;4,33;NU INVEST CORRETORA DE VALORES;0,00;0,00;0,00;0,00
08/11/2021;Fundos imobiliários;XPLG11;C;5,00000000;95,50;MODAL DTVM LTDA;0,00;0,00;0,00;0,00
08/11/2021;Ações;BPAC11;V;11,00000000;23,81;NU INVEST CORRETORA DE VALORES;0,00;0,00;0,00;0,00
08/11/2021;Fundos imobiliários;GGRC11;C;9,00000000;110,30;NU INVEST CORRETORA DE VALORES;0,00;0,00;0,00;0,00
03/11/2021;Ações;WEGE3;V;20,00000000;37,01;NU INVEST CORRETORA DE VALORES;0,00;0,00;0,00;0,00
03/11/2021;Ações;VIVT3;V;11,00000000;48,44;NU INVEST CORRETORA DE VALORES;0,00;0,00;0,00;0,00
27/10/2021;Fundos imobiliários;BTLG11;V;9,00000000;105,94;MODAL DTVM LTDA;0,00;0,00;0,00;0,00
27/10/2021;Fundos imobiliários;BTLG11;V;4,00000000;105,90;MODAL DTVM LTDA;0,00;0,00;0,00;0,00
27/10/2021;Fundos imobiliários;BTLG11;V;2,00000000;105,91;MODAL DTVM LTDA;0,00;0,00;0,00;0,00
27/10/2021;Fundos imobiliários;RECR11;C;10,00000000;99,24;MODAL DTVM LTDA;0,00;0,00;0,00;0,00
27/10/2021;Fundos imobiliários;KISU11;C;140,00000000;7,50;MODAL DTVM LTDA;0,00;0,00;0,00;0,00
27/10/2021;Fundos imobiliários;KISU11;C;63,00000000;7,53;MODAL DTVM LTDA;0,00;0,00;0,00;0,00
27/10/2021;Ações;BBSE3;V;5,00000000;22,52;CLEAR CORRETORA;0,00;0,00;0,00;0,00
27/10/2021;Fundos imobiliários;HCTR11;V;25,00000000;123,73;NU INVEST CORRETORA DE VALORES;0,00;0,00;0,00;0,00
27/10/2021;Fundos imobiliários;XPLG11;C;4,00000000;99,00;MODAL DTVM LTDA;0,00;0,00;0,00;0,00
27/10/2021;Fundos imobiliários;XPLG11;C;5,00000000;99,07;MODAL DTVM LTDA;0,00;0,00;0,00;0,00
27/10/2021;Fundos imobiliários;XPLG11;C;11,00000000;99,08;MODAL DTVM LTDA;0,00;0,00;0,00;0,00
27/10/2021;Fundos imobiliários;BCFF11;V;28,00000000;70,15;NU INVEST CORRETORA DE VALORES;0,00;0,00;0,00;0,00
27/10/2021;Fundos imobiliários;BCFF11;V;22,00000000;70,16;NU INVEST CORRETORA DE VALORES;0,00;0,00;0,00;0,00
27/10/2021;Fundos imobiliários;XPML11;C;1,00000000;98,60;NU INVEST CORRETORA DE VALORES;0,00;0,00;0,00;0,00
27/10/2021;Fundos imobiliários;XPML11;C;2,00000000;98,59;NU INVEST CORRETORA DE VALORES;0,00;0,00;0,00;0,00
27/10/2021;Ações;MGLU3;V;81,00000000;11,58;CLEAR CORRETORA;0,00;0,00;0,00;0,00
27/10/2021;Ações;SAPR4;V;200,00000000;3,80;CLEAR CORRETORA;0,00;0,00;0,00;0,00
27/10/2021;Fundos imobiliários;VINO11;C;10,00000000;60,08;NU INVEST CORRETORA DE VALORES;0,00;0,00;0,00;0,00
27/10/2021;Fundos imobiliários;GGRC11;C;1,00000000;111,79;NU INVEST CORRETORA DE VALORES;0,00;0,00;0,00;0,00
27/10/2021;Fundos imobiliários;GGRC11;C;24,00000000;111,80;NU INVEST CORRETORA DE VALORES;0,00;0,00;0,00;0,00
27/10/2021;Ações;VIVT3;V;28,00000000;44,50;CLEAR CORRETORA;0,00;0,00;0,00;0,00
26/10/2021;Ações;MGLU3;C;3,00000000;11,78;NU INVEST CORRETORA DE VALORES;0,00;0,00;0,00;0,00
22/10/2021;Ações;ITSA4;C;39,00000000;10,35;MODAL DTVM LTDA;0,00;0,00;0,00;0,00
22/10/2021;Ações;CSAN3;C;15,00000000;19,90;NU INVEST CORRETORA DE VALORES;0,00;0,00;0,00;0,00
22/10/2021;Ações;RDOR3;C;5,00000000;60,48;NU INVEST CORRETORA DE VALORES;0,00;0,00;0,00;0,00
21/10/2021;Ações;CSAN3;C;20,00000000;21,10;NU INVEST CORRETORA DE VALORES;0,00;0,00;0,00;0,00
21/10/2021;Ações;MGLU3;C;46,00000000;12,51;NU INVEST CORRETORA DE VALORES;0,00;0,00;0,00;0,00
15/10/2021;Fundos imobiliários;KISU11;C;7,00000000;8,18;MODAL DTVM LTDA;0,00;0,00;0,00;0,00
15/10/2021;Fundos imobiliários;KISU11;C;2,00000000;8,16;MODAL DTVM LTDA;0,00;0,00;0,00;0,00
15/10/2021;Ações;BPAC11;C;11,00000000;25,87;NU INVEST CORRETORA DE VALORES;0,00;0,00;0,00;0,00
15/10/2021;Ações;ENBR3;C;50,00000000;19,14;NU INVEST CORRETORA DE VALORES;0,00;0,00;0,00;0,00
15/10/2021;ETF;EURP11;V;5,00000000;11,52;NU INVEST CORRETORA DE VALORES;0,00;0,00;0,00;0,00
14/10/2021;Ações;BIDI11;C;10,00000000;50,75;NU INVEST CORRETORA DE VALORES;0,00;0,00;0,00;0,00
11/10/2021;Fundos imobiliários;RECR11;C;17,00000000;98,00;MODAL DTVM LTDA;0,00;0,00;0,00;0,00
08/10/2021;Fundos imobiliários;VISC11;C;3,00000000;106,19;MODAL DTVM LTDA;0,00;0,00;0,00;0,00
07/10/2021;Fundos imobiliários;BTLG11;C;5,00000000;107,00;MODAL DTVM LTDA;0,00;0,00;0,00;0,00
07/10/2021;Ações;PSSA3;C;15,00000000;46,54;MODAL DTVM LTDA;0,00;0,00;0,00;0,00
07/10/2021;Ações;PSSA3;C;14,00000000;46,43;MODAL DTVM LTDA;0,00;0,00;0,00;0,00
07/10/2021;Fundos imobiliários;KISU11;C;100,00000000;8,15;MODAL DTVM LTDA;0,00;0,00;0,00;0,00
07/10/2021;Fundos imobiliários;VISC11;C;3,00000000;101,75;MODAL DTVM LTDA;0,00;0,00;0,00;0,00
07/10/2021;Fundos imobiliários;VISC11;C;7,00000000;101,80;MODAL DTVM LTDA;0,00;0,00;0,00;0,00
07/10/2021;Ações;CSAN3;C;8,00000000;22,97;NU INVEST CORRETORA DE VALORES;0,00;0,00;0,00;0,00
07/10/2021;Ações;CSAN3;C;12,00000000;22,96;NU INVEST CORRETORA DE VALORES;0,00;0,00;0,00;0,00
07/10/2021;Ações;KLBN4;C;100,00000000;4,23;NU INVEST CORRETORA DE VALORES;0,00;0,00;0,00;0,00
07/10/2021;Ações;TAEE4;C;100,00000000;11,99;MODAL DTVM LTDA;0,00;0,00;0,00;0,00
07/10/2021;ETF Exterior;VT;C;1,73617310;103,06;PASSFOLIO;0,00;0,00;0,00;0,00
07/10/2021;Ações;CSMG3;V;25,00000000;13,64;NU INVEST CORRETORA DE VALORES;0,00;0,00;0,00;0,00
07/10/2021;Fundos imobiliários;BCFF11;C;10,00000000;72,71;NU INVEST CORRETORA DE VALORES;0,00;0,00;0,00;0,00
07/10/2021;Ações;MGLU3;C;5,00000000;14,20;NU INVEST CORRETORA DE VALORES;0,00;0,00;0,00;0,00
07/10/2021;Ações;MGLU3;C;50,00000000;14,18;NU INVEST CORRETORA DE VALORES;0,00;0,00;0,00;0,00
07/10/2021;Ações;SAPR4;C;237,00000000;3,82;NU INVEST CORRETORA DE VALORES;0,00;0,00;0,00;0,00
07/10/2021;Ações;BPAC11;V;45,00000000;24,35;NU INVEST CORRETORA DE VALORES;0,00;0,00;0,00;0,00
07/10/2021;Ações;ABEV3;V;100,00000000;15,14;NU INVEST CORRETORA DE VALORES;0,00;0,00;0,00;0,00
07/10/2021;Ações;LREN3;V;36,00000000;33,77;NU INVEST CORRETORA DE VALORES;0,00;0,00;0,00;0,00
07/10/2021;Ações;TRPL4;V;80,00000000;24,16;NU INVEST CORRETORA DE VALORES;0,00;0,00;0,00;0,00
04/10/2021;Fundos imobiliários;KISU11;C;150,00000000;8,27;MODAL DTVM LTDA;0,00;0,00;0,00;0,00
04/10/2021;ETF Exterior;VT;C;0,22108145;102,27;PASSFOLIO;0,00;0,00;0,00;0,00
04/10/2021;Fundos imobiliários;TGAR11;V;9,00000000;125,99;NU INVEST CORRETORA DE VALORES;0,00;0,00;0,00;0,00
04/10/2021;Fundos imobiliários;TGAR11;V;1,00000000;126,00;NU INVEST CORRETORA DE VALORES;0,00;0,00;0,00;0,00
04/10/2021;ETF Exterior;VNQ;V;0,12366996;103,02;PASSFOLIO;0,00;0,00;0,00;0,00
04/10/2021;ETF Exterior;SPHD;V;0,22639800;42,80;PASSFOLIO;0,00;0,00;0,00;0,00
30/09/2021;Fundos imobiliários;BTLG11;C;10,00000000;106,82;MODAL DTVM LTDA;0,00;0,00;0,00;0,00
30/09/2021;Fundos imobiliários;KISU11;C;20,00000000;8,29;MODAL DTVM LTDA;0,00;0,00;0,00;0,00
30/09/2021;Fundos imobiliários;TGAR11;C;6,00000000;127,43;NU INVEST CORRETORA DE VALORES;0,00;0,00;0,00;0,00
30/09/2021;Fundos imobiliários;TGAR11;C;2,00000000;127,42;NU INVEST CORRETORA DE VALORES;0,00;0,00;0,00;0,00
30/09/2021;Fundos imobiliários;TGAR11;C;1,00000000;127,41;NU INVEST CORRETORA DE VALORES;0,00;0,00;0,00;0,00
30/09/2021;Fundos imobiliários;TGAR11;C;1,00000000;127,35;NU INVEST CORRETORA DE VALORES;0,00;0,00;0,00;0,00
29/09/2021;Fundos imobiliários;KISU11;C;3,00000000;8,22;MODAL DTVM LTDA;0,00;0,00;0,00;0,00
29/09/2021;Fundos imobiliários;VISC11;C;7,00000000;102,33;MODAL DTVM LTDA;0,00;0,00;0,00;0,00
29/09/2021;Fundos imobiliários;HCTR11;C;7,00000000;120,06;NU INVEST CORRETORA DE VALORES;0,00;0,00;0,00;0,00
29/09/2021;Fundos imobiliários;XPLG11;C;5,00000000;100,53;MODAL DTVM LTDA;0,00;0,00;0,00;0,00
29/09/2021;Fundos imobiliários;TGAR11;V;13,00000000;127,23;NU INVEST CORRETORA DE VALORES;0,00;0,00;0,00;0,00
29/09/2021;Fundos imobiliários;TGAR11;V;2,00000000;127,24;NU INVEST CORRETORA DE VALORES;0,00;0,00;0,00;0,00
29/09/2021;Fundos imobiliários;XPML11;C;5,00000000;94,21;NU INVEST CORRETORA DE VALORES;0,00;0,00;0,00;0,00
29/09/2021;Fundos imobiliários;VINO11;C;2,00000000;59,71;NU INVEST CORRETORA DE VALORES;0,00;0,00;0,00;0,00
29/09/2021;Fundos imobiliários;VINO11;C;2,00000000;59,70;NU INVEST CORRETORA DE VALORES;0,00;0,00;0,00;0,00
29/09/2021;Ações;ENBR3;V;54,00000000;18,61;CLEAR CORRETORA;0,00;0,00;0,00;0,00
29/09/2021;Ações;GMAT3;V;109,00000000;7,33;CLEAR CORRETORA;0,00;0,00;0,00;0,00
29/09/2021;Ações;GMAT3;V;61,00000000;7,32;NU INVEST CORRETORA DE VALORES;0,00;0,00;0,00;0,00
28/09/2021;Ações;MGLU3;C;30,00000000;14,28;NU INVEST CORRETORA DE VALORES;0,00;0,00;0,00;0,00
28/09/2021;BDR;JNJB34;V;5,00000000;58,74;NU INVEST CORRETORA DE VALORES;0,00;0,00;0,00;0,00
27/09/2021;BDR;AAPL34;V;5,00000000;78,26;NU INVEST CORRETORA DE VALORES;0,00;0,00;0,00;0,00
27/09/2021;BDR;AIRB34;V;15,00000000;46,73;NU INVEST CORRETORA DE VALORES;0,00;0,00;0,00;0,00
27/09/2021;BDR;BERK34;V;2,00000000;75,15;NU INVEST CORRETORA DE VALORES;0,00;0,00;0,00;0,00
27/09/2021;BDR;BERK34;V;3,00000000;75,13;NU INVEST CORRETORA DE VALORES;0,00;0,00;0,00;0,00
27/09/2021;BDR;COCA34;V;10,00000000;48,03;NU INVEST CORRETORA DE VALORES;0,00;0,00;0,00;0,00
27/09/2021;BDR;DISB34;V;10,00000000;63,91;NU INVEST CORRETORA DE VALORES;0,00;0,00;0,00;0,00
27/09/2021;BDR;M1TA34;V;5,00000000;67,90;NU INVEST CORRETORA DE VALORES;0,00;0,00;0,00;0,00
27/09/2021;BDR;GOGL34;V;5,00000000;101,52;NU INVEST CORRETORA DE VALORES;0,00;0,00;0,00;0,00
27/09/2021;BDR;MSFT34;V;5,00000000;65,97;NU INVEST CORRETORA DE VALORES;0,00;0,00;0,00;0,00
27/09/2021;BDR;NIKE34;V;1,00000000;79,55;NU INVEST CORRETORA DE VALORES;0,00;0,00;0,00;0,00
27/09/2021;BDR;NIKE34;V;4,00000000;79,58;NU INVEST CORRETORA DE VALORES;0,00;0,00;0,00;0,00
27/09/2021;BDR;AMZO34;V;3,00000000;116,55;NU INVEST CORRETORA DE VALORES;0,00;0,00;0,00;0,00
24/09/2021;Fundos imobiliários;BTLG11;V;8,00000000;106,45;MODAL DTVM LTDA;0,00;0,00;0,00;0,00
24/09/2021;Fundos imobiliários;MXRF11;V;53,00000000;10,03;NU INVEST CORRETORA DE VALORES;0,00;0,00;0,00;0,00
24/09/2021;Fundos imobiliários;KISU11;C;21,00000000;8,60;MODAL DTVM LTDA;0,00;0,00;0,00;0,00
24/09/2021;Fundos imobiliários;KISU11;C;29,00000000;8,61;MODAL DTVM LTDA;0,00;0,00;0,00;0,00
24/09/2021;Fundos imobiliários;VISC11;C;5,00000000;101,69;MODAL DTVM LTDA;0,00;0,00;0,00;0,00
24/09/2021;Fundos imobiliários;XPML11;C;8,00000000;96,90;NU INVEST CORRETORA DE VALORES;0,00;0,00;0,00;0,00
24/09/2021;Ações;MGLU3;C;20,00000000;15,44;NU INVEST CORRETORA DE VALORES;0,00;0,00;0,00;0,00
23/09/2021;Fundos imobiliários;VISC11;C;1,00000000;100,92;MODAL DTVM LTDA;0,00;0,00;0,00;0,00
23/09/2021;Fundos imobiliários;VISC11;C;2,00000000;100,93;MODAL DTVM LTDA;0,00;0,00;0,00;0,00
23/09/2021;Ações;BBAS3;V;22,00000000;29,64;MODAL DTVM LTDA;0,00;0,00;0,00;0,00
23/09/2021;Ações;OIBR3;V;300,00000000;1,01;NU INVEST CORRETORA DE VALORES;0,00;0,00;0,00;0,00
20/09/2021;Fundos imobiliários;KISU11;C;10,00000000;8,56;MODAL DTVM LTDA;0,00;0,00;0,00;0,00
20/09/2021;Ações;CSAN3;C;5,00000000;23,00;NU INVEST CORRETORA DE VALORES;0,00;0,00;0,00;0,00
20/09/2021;Ações;BBSE3;C;17,00000000;18,98;MODAL DTVM LTDA;0,00;0,00;0,00;0,00
20/09/2021;ETF Exterior;VT;C;0,66058286;101,91;PASSFOLIO;0,00;0,00;0,00;0,00
20/09/2021;Ações;MGLU3;C;10,00000000;16,09;NU INVEST CORRETORA DE VALORES;0,00;0,00;0,00;0,00
20/09/2021;Ações;BPAC11;C;10,00000000;25,82;NU INVEST CORRETORA DE VALORES;0,00;0,00;0,00;0,00
20/09/2021;Ações;BBDC3;C;18,00000000;16,66;NU INVEST CORRETORA DE VALORES;0,00;0,00;0,00;0,00
20/09/2021;Stocks;KO;V;0,35682426;53,84;PASSFOLIO;0,00;0,00;0,00;0,00
20/09/2021;Stocks;JNJ;V;0,05746135;162,54;PASSFOLIO;0,00;0,00;0,00;0,00
20/09/2021;Stocks;MSFT;V;0,03321266;291,15;PASSFOLIO;0,00;0,00;0,00;0,00
20/09/2021;Stocks;AAPL;V;0,06756756;141,64;PASSFOLIO;0,00;0,00;0,00;0,00
20/09/2021;Stocks;DIS;V;0,05609154;177,03;PASSFOLIO;0,00;0,00;0,00;0,00
20/09/2021;Stocks;GOOG;V;0,00349581;2.746,14;PASSFOLIO;0,00;0,00;0,00;0,00
17/09/2021;Ações;ITSA4;C;50,00000000;10,96;MODAL DTVM LTDA;0,00;0,00;0,00;0,00
17/09/2021;Ações;KLBN4;C;100,00000000;4,40;NU INVEST CORRETORA DE VALORES;0,00;0,00;0,00;0,00
17/09/2021;Ações;MGLU3;C;15,00000000;16,05;NU INVEST CORRETORA DE VALORES;0,00;0,00;0,00;0,00
17/09/2021;Ações;ABEV3;C;20,00000000;15,42;NU INVEST CORRETORA DE VALORES;0,00;0,00;0,00;0,00
17/09/2021;Ações;BBDC3;C;12,00000000;17,54;NU INVEST CORRETORA DE VALORES;0,00;0,00;0,00;0,00
16/09/2021;Fundos imobiliários;HCTR11;C;13,00000000;119,00;NU INVEST CORRETORA DE VALORES;0,00;0,00;0,00;0,00
15/09/2021;Ações;SAPR4;V;1,00000000;3,81;CLEAR CORRETORA;0,00;0,00;0,00;0,00
15/09/2021;Ações;WEGE3;V;46,00000000;39,75;CLEAR CORRETORA;0,00;0,00;0,00;0,00
15/09/2021;Ações;CASH3;V;6,00000000;7,19;NU INVEST CORRETORA DE VALORES;0,00;0,00;0,00;0,00
15/09/2021;Ações;CASH3;V;44,00000000;7,20;NU INVEST CORRETORA DE VALORES;0,00;0,00;0,00;0,00
15/09/2021;Ações;AERI3;V;200,00000000;8,78;CLEAR CORRETORA;0,00;0,00;0,00;0,00
15/09/2021;Ações;AERI3;V;200,00000000;8,78;NU INVEST CORRETORA DE VALORES;0,00;0,00;0,00;0,00
15/09/2021;Ações;VALE3;V;9,00000000;92,70;NU INVEST CORRETORA DE VALORES;0,00;0,00;0,00;0,00
15/09/2021;Ações;VALE3;V;1,00000000;93,00;NU INVEST CORRETORA DE VALORES;0,00;0,00;0,00;0,00
14/09/2021;Ações;OIBR3;C;300,00000000;1,01;NU INVEST CORRETORA DE VALORES;0,00;0,00;0,00;0,00
13/09/2021;Ações;ITSA4;C;20,00000000;11,24;MODAL DTVM LTDA;0,00;0,00;0,00;0,00
13/09/2021;Ações;TAEE11;V;7,00000000;37,73;NU INVEST CORRETORA DE VALORES;0,00;0,00;0,00;0,00
13/09/2021;Ações;TAEE4;C;10,00000000;12,60;MODAL DTVM LTDA;0,00;0,00;0,00;0,00
13/09/2021;Ações;CASH3;C;50,00000000;6,18;NU INVEST CORRETORA DE VALORES;0,00;0,00;0,00;0,00
13/09/2021;Ações;VIVT3;C;5,00000000;42,77;NU INVEST CORRETORA DE VALORES;0,00;0,00;0,00;0,00
13/09/2021;Ações;TRPL4;C;9,00000000;24,81;NU INVEST CORRETORA DE VALORES;0,00;0,00;0,00;0,00
09/09/2021;Ações;KLBN4;V;147,00000000;4,86;CLEAR CORRETORA;0,00;0,00;0,00;0,00
09/09/2021;Ações;AERI3;V;50,00000000;8,10;NU INVEST CORRETORA DE VALORES;0,00;0,00;0,00;0,00
09/09/2021;Ações;BIDI11;C;5,00000000;61,00;NU INVEST CORRETORA DE VALORES;0,00;0,00;0,00;0,00
09/09/2021;Ações;GMAT3;C;30,00000000;6,60;NU INVEST CORRETORA DE VALORES;0,00;0,00;0,00;0,00
08/09/2021;Fundos imobiliários;MXRF11;C;3,00000000;9,99;NU INVEST CORRETORA DE VALORES;0,00;0,00;0,00;0,00
08/09/2021;Ações;TAEE11;C;7,00000000;37,01;NU INVEST CORRETORA DE VALORES;0,00;0,00;0,00;0,00
08/09/2021;Ações;BPAC11;C;5,00000000;26,92;NU INVEST CORRETORA DE VALORES;0,00;0,00;0,00;0,00
08/09/2021;Ações;VIVT3;C;6,00000000;41,28;NU INVEST CORRETORA DE VALORES;0,00;0,00;0,00;0,00
03/09/2021;Ações;ITSA4;C;17,00000000;11,30;MODAL DTVM LTDA;0,00;0,00;0,00;0,00
03/09/2021;Ações;BBAS3;C;7,00000000;29,35;MODAL DTVM LTDA;0,00;0,00;0,00;0,00
03/09/2021;Ações;MGLU3;C;10,00000000;18,09;NU INVEST CORRETORA DE VALORES;0,00;0,00;0,00;0,00
03/09/2021;Ações;SAPR4;C;50,00000000;3,87;NU INVEST CORRETORA DE VALORES;0,00;0,00;0,00;0,00
03/09/2021;Ações;ABEV3;C;10,00000000;16,60;NU INVEST CORRETORA DE VALORES;0,00;0,00;0,00;0,00
03/09/2021;Ações;BBDC3;C;10,00000000;19,26;NU INVEST CORRETORA DE VALORES;0,00;0,00;0,00;0,00
03/09/2021;Ações;BIDI11;C;10,00000000;64,72;NU INVEST CORRETORA DE VALORES;0,00;0,00;0,00;0,00
31/08/2021;Ações;BBSE3;C;20,00000000;18,91;MODAL DTVM LTDA;0,00;0,00;0,00;0,00
31/08/2021;Ações;OPCT3;V;50,00000000;5,07;NU INVEST CORRETORA DE VALORES;0,00;0,00;0,00;0,00
30/08/2021;Ações;ITSA4;C;40,00000000;11,30;MODAL DTVM LTDA;0,00;0,00;0,00;0,00
30/08/2021;ETF Exterior;VNQ;C;0,12366996;107,14;PASSFOLIO;0,00;0,00;0,00;0,00
30/08/2021;ETF Exterior;SPHD;C;0,22639800;44,17;PASSFOLIO;0,00;0,00;0,00;0,00
30/08/2021;Ações;OPCT3;C;50,00000000;5,28;NU INVEST CORRETORA DE VALORES;0,00;0,00;0,00;0,00
30/08/2021;Ações;ITUB3;V;16,00000000;28,38;NU INVEST CORRETORA DE VALORES;0,00;0,00;0,00;0,00
26/08/2021;Ações;TOTS3;V;15,00000000;39,22;NU INVEST CORRETORA DE VALORES;0,00;0,00;0,00;0,00
25/08/2021;Stocks;KO;C;0,35682426;56,05;PASSFOLIO;0,00;0,00;0,00;0,00
25/08/2021;Stocks;JNJ;C;0,05746135;174,03;PASSFOLIO;0,00;0,00;0,00;0,00
25/08/2021;Stocks;MSFT;C;0,03321266;301,09;PASSFOLIO;0,00;0,00;0,00;0,00
25/08/2021;Stocks;AAPL;C;0,06756756;148,00;PASSFOLIO;0,00;0,00;0,00;0,00
25/08/2021;Stocks;DIS;C;0,05609154;178,28;PASSFOLIO;0,00;0,00;0,00;0,00
25/08/2021;Stocks;GOOG;C;0,00349581;2.860,57;PASSFOLIO;0,00;0,00;0,00;0,00
23/08/2021;Ações;MGLU3;C;20,00000000;18,20;NU INVEST CORRETORA DE VALORES;0,00;0,00;0,00;0,00
20/08/2021;Ações;VALE3;C;10,00000000;98,22;NU INVEST CORRETORA DE VALORES;0,00;0,00;0,00;0,00
19/08/2021;Ações;KLBN4;C;103,00000000;4,50;NU INVEST CORRETORA DE VALORES;0,00;0,00;0,00;0,00
19/08/2021;Ações;BBSE3;C;20,00000000;19,63;MODAL DTVM LTDA;0,00;0,00;0,00;0,00
19/08/2021;Ações;MGLU3;C;19,00000000;19,00;NU INVEST CORRETORA DE VALORES;0,00;0,00;0,00;0,00
19/08/2021;Ações;TRPL4;C;20,00000000;23,10;NU INVEST CORRETORA DE VALORES;0,00;0,00;0,00;0,00
18/08/2021;Ações;BBAS3;C;15,00000000;29,74;MODAL DTVM LTDA;0,00;0,00;0,00;0,00
18/08/2021;Ações;MGLU3;C;20,00000000;18,89;NU INVEST CORRETORA DE VALORES;0,00;0,00;0,00;0,00
16/08/2021;Ações;CSMG3;C;25,00000000;13,61;NU INVEST CORRETORA DE VALORES;0,00;0,00;0,00;0,00
16/08/2021;Ações;AERI3;C;13,00000000;7,16;NU INVEST CORRETORA DE VALORES;0,00;0,00;0,00;0,00
16/08/2021;Ações;AERI3;C;37,00000000;7,15;NU INVEST CORRETORA DE VALORES;0,00;0,00;0,00;0,00
13/08/2021;Ações;BBSE3;C;25,00000000;20,65;MODAL DTVM LTDA;0,00;0,00;0,00;0,00
13/08/2021;Ações;BBSE3;C;10,00000000;20,55;MODAL DTVM LTDA;0,00;0,00;0,00;0,00
13/08/2021;Ações;BBSE3;C;10,00000000;20,60;MODAL DTVM LTDA;0,00;0,00;0,00;0,00
13/08/2021;Ações;SAPR4;C;100,00000000;3,89;NU INVEST CORRETORA DE VALORES;0,00;0,00;0,00;0,00
13/08/2021;Ações;AERI3;C;30,00000000;7,90;NU INVEST CORRETORA DE VALORES;0,00;0,00;0,00;0,00
13/08/2021;Ações;AERI3;C;20,00000000;7,99;NU INVEST CORRETORA DE VALORES;0,00;0,00;0,00;0,00
13/08/2021;Ações;AERI3;C;50,00000000;8,16;NU INVEST CORRETORA DE VALORES;0,00;0,00;0,00;0,00
12/08/2021;Ações;GOAU4;V;36,00000000;14,46;NU INVEST CORRETORA DE VALORES;0,00;0,00;0,00;0,00
12/08/2021;Ações;NTCO3;V;2,00000000;52,80;NU INVEST CORRETORA DE VALORES;0,00;0,00;0,00;0,00
04/08/2021;Ações;CSAN3;C;20,00000000;24,94;NU INVEST CORRETORA DE VALORES;0,00;0,00;0,00;0,00
04/08/2021;Ações;RDOR3;C;7,00000000;70,14;NU INVEST CORRETORA DE VALORES;0,00;0,00;0,00;0,00
30/07/2021;Ações;CSAN3;C;10,00000000;25,67;NU INVEST CORRETORA DE VALORES;0,00;0,00;0,00;0,00
30/07/2021;Ações;AERI3;C;100,00000000;8,77;NU INVEST CORRETORA DE VALORES;0,00;0,00;0,00;0,00
28/07/2021;Ações;SAPR4;C;200,00000000;3,98;NU INVEST CORRETORA DE VALORES;0,00;0,00;0,00;0,00
28/07/2021;Ações;ENBR3;C;30,00000000;17,62;NU INVEST CORRETORA DE VALORES;0,00;0,00;0,00;0,00
27/07/2021;Fundos imobiliários;MXRF11;C;50,00000000;10,24;NU INVEST CORRETORA DE VALORES;0,00;0,00;0,00;0,00
27/07/2021;Ações;CSAN3;C;14,00000000;26,03;NU INVEST CORRETORA DE VALORES;0,00;0,00;0,00;0,00
27/07/2021;Ações;BBSE3;C;15,00000000;21,48;MODAL DTVM LTDA;0,00;0,00;0,00;0,00
27/07/2021;Fundos imobiliários;HCTR11;C;5,00000000;134,15;NU INVEST CORRETORA DE VALORES;0,00;0,00;0,00;0,00
26/07/2021;Ações;RDOR3;C;5,00000000;67,57;NU INVEST CORRETORA DE VALORES;0,00;0,00;0,00;0,00
23/07/2021;Ações;PSSA3;C;20,00000000;51,99;MODAL DTVM LTDA;0,00;0,00;0,00;0,00
23/07/2021;Ações;ABEV3;C;63,00000000;16,87;NU INVEST CORRETORA DE VALORES;0,00;0,00;0,00;0,00
23/07/2021;Ações;ABEV3;C;7,00000000;16,88;NU INVEST CORRETORA DE VALORES;0,00;0,00;0,00;0,00
23/07/2021;Ações;RDOR3;C;10,00000000;69,13;NU INVEST CORRETORA DE VALORES;0,00;0,00;0,00;0,00
19/07/2021;Fundos imobiliários;KISU11;C;11,00000000;102,02;MODAL DTVM LTDA;0,00;0,00;0,00;0,00
13/07/2021;Fundos imobiliários;RECR11;C;21,00000000;98,00;MODAL DTVM LTDA;0,00;0,00;0,00;0,00
13/07/2021;Ações;CSAN3;V;20,00000000;26,65;NU INVEST CORRETORA DE VALORES;0,00;0,00;0,00;0,00
13/07/2021;BDR;AIRB34;C;5,00000000;37,40;NU INVEST CORRETORA DE VALORES;0,00;0,00;0,00;0,00
13/07/2021;BDR;COCA34;C;5,00000000;47,58;NU INVEST CORRETORA DE VALORES;0,00;0,00;0,00;0,00
13/07/2021;BDR;DISB34;C;5,00000000;63,38;NU INVEST CORRETORA DE VALORES;0,00;0,00;0,00;0,00
13/07/2021;BDR;M1TA34;C;5,00000000;65,15;NU INVEST CORRETORA DE VALORES;0,00;0,00;0,00;0,00
13/07/2021;Ações;NTCO3;C;1,00000000;60,86;NU INVEST CORRETORA DE VALORES;0,00;0,00;0,00;0,00
07/07/2021;Ações;ABEV3;V;64,00000000;17,74;NU INVEST CORRETORA DE VALORES;0,00;0,00;0,00;0,00
06/07/2021;Ações;CSAN3;C;5,00000000;24,24;NU INVEST CORRETORA DE VALORES;0,00;0,00;0,00;0,00
06/07/2021;Ações;BPAC11;C;10,00000000;30,55;NU INVEST CORRETORA DE VALORES;0,00;0,00;0,00;0,00
06/07/2021;Ações;LREN3;C;10,00000000;43,35;NU INVEST CORRETORA DE VALORES;0,00;0,00;0,00;0,00
06/07/2021;Ações;GMAT3;C;31,00000000;7,52;NU INVEST CORRETORA DE VALORES;0,00;0,00;0,00;0,00
05/07/2021;Ações;TAEE4;C;36,00000000;12,54;MODAL DTVM LTDA;0,00;0,00;0,00;0,00
05/07/2021;Ações;TAEE4;C;14,00000000;12,55;MODAL DTVM LTDA;0,00;0,00;0,00;0,00
05/07/2021;Ações;SAPR4;C;39,00000000;4,07;NU INVEST CORRETORA DE VALORES;0,00;0,00;0,00;0,00
05/07/2021;Ações;ABEV3;C;20,00000000;17,69;NU INVEST CORRETORA DE VALORES;0,00;0,00;0,00;0,00
05/07/2021;Ações;TRPL4;C;20,00000000;25,85;NU INVEST CORRETORA DE VALORES;0,00;0,00;0,00;0,00
02/07/2021;Ações;BBDC3;C;100,00000000;21,64;NU INVEST CORRETORA DE VALORES;0,00;0,00;0,00;0,00
01/07/2021;Ações;RDOR3;V;10,00000000;70,03;NU INVEST CORRETORA DE VALORES;0,00;0,00;0,00;0,00
30/06/2021;Ações;TAEE4;C;20,00000000;12,42;MODAL DTVM LTDA;0,00;0,00;0,00;0,00
30/06/2021;Ações;ABEV3;C;15,00000000;17,08;NU INVEST CORRETORA DE VALORES;0,00;0,00;0,00;0,00
30/06/2021;Ações;TRPL4;C;10,00000000;25,00;NU INVEST CORRETORA DE VALORES;0,00;0,00;0,00;0,00
30/06/2021;BDR;AIRB34;C;10,00000000;37,99;NU INVEST CORRETORA DE VALORES;0,00;0,00;0,00;0,00
29/06/2021;Ações;LREN3;C;10,00000000;43,93;NU INVEST CORRETORA DE VALORES;0,00;0,00;0,00;0,00
25/06/2021;Ações;LAME4;V;30,00000000;22,56;CLEAR CORRETORA;0,00;0,00;0,00;0,00
25/06/2021;Ações;SANB3;V;1,00000000;20,53;NU INVEST CORRETORA DE VALORES;0,00;0,00;0,00;0,00
24/06/2021;Ações;NTCO3;C;1,00000000;57,62;NU INVEST CORRETORA DE VALORES;0,00;0,00;0,00;0,00
23/06/2021;Fundos imobiliários;BTLG11;C;8,00000000;111,00;MODAL DTVM LTDA;0,00;0,00;0,00;0,00
23/06/2021;Ações;TAEE4;C;39,00000000;13,13;MODAL DTVM LTDA;0,00;0,00;0,00;0,00
23/06/2021;Fundos imobiliários;XPLG11;C;5,00000000;110,27;MODAL DTVM LTDA;0,00;0,00;0,00;0,00
23/06/2021;Fundos imobiliários;BCFF11;C;2,00000000;79,65;NU INVEST CORRETORA DE VALORES;0,00;0,00;0,00;0,00
23/06/2021;Fundos imobiliários;BCFF11;C;3,00000000;79,66;NU INVEST CORRETORA DE VALORES;0,00;0,00;0,00;0,00
23/06/2021;Fundos imobiliários;XPML11;C;5,00000000;104,70;NU INVEST CORRETORA DE VALORES;0,00;0,00;0,00;0,00
23/06/2021;Ações;ABEV3;C;28,00000000;18,15;NU INVEST CORRETORA DE VALORES;0,00;0,00;0,00;0,00
23/06/2021;Ações;BBDC3;C;30,00000000;23,20;NU INVEST CORRETORA DE VALORES;0,00;0,00;0,00;0,00
23/06/2021;Ações;LREN3;C;5,00000000;45,38;NU INVEST CORRETORA DE VALORES;0,00;0,00;0,00;0,00
23/06/2021;Ações;TRPL4;C;20,00000000;26,27;NU INVEST CORRETORA DE VALORES;0,00;0,00;0,00;0,00
23/06/2021;BDR;AAPL34;C;5,00000000;66,60;NU INVEST CORRETORA DE VALORES;0,00;0,00;0,00;0,00
23/06/2021;Ações;ITUB3;C;15,00000000;28,48;NU INVEST CORRETORA DE VALORES;0,00;0,00;0,00;0,00
23/06/2021;Ações;TOTS3;C;15,00000000;37,82;NU INVEST CORRETORA DE VALORES;0,00;0,00;0,00;0,00
21/06/2021;ETF;HASH11;C;20,00000000;29,84;MODAL DTVM LTDA;0,00;0,00;0,00;0,00
21/06/2021;Ações;LREN3;C;10,00000000;46,33;NU INVEST CORRETORA DE VALORES;0,00;0,00;0,00;0,00
15/06/2021;Ações;BPAC11;C;4,00000000;121,85;NU INVEST CORRETORA DE VALORES;0,00;0,00;0,00;0,00
15/06/2021;Ações;ITUB3;C;1,00000000;28,83;NU INVEST CORRETORA DE VALORES;0,00;0,00;0,00;0,00
15/06/2021;Ações;GOAU4;C;35,00000000;14,24;NU INVEST CORRETORA DE VALORES;0,00;0,00;0,00;0,00
15/06/2021;Ações;SANB3;C;1,00000000;21,60;NU INVEST CORRETORA DE VALORES;0,00;0,00;0,00;0,00
14/06/2021;Ações;PSSA3;C;1,00000000;55,06;MODAL DTVM LTDA;0,00;0,00;0,00;0,00
14/06/2021;Fundos imobiliários;VISC11;C;2,00000000;110,21;MODAL DTVM LTDA;0,00;0,00;0,00;0,00
14/06/2021;Ações;CSAN3;C;15,00000000;25,33;NU INVEST CORRETORA DE VALORES;0,00;0,00;0,00;0,00
14/06/2021;Ações;BBAS3;V;3,00000000;35,66;MODAL DTVM LTDA;0,00;0,00;0,00;0,00
14/06/2021;Ações;TAEE4;C;1,00000000;13,55;MODAL DTVM LTDA;0,00;0,00;0,00;0,00
14/06/2021;Ações;MGLU3;C;20,00000000;20,52;NU INVEST CORRETORA DE VALORES;0,00;0,00;0,00;0,00
14/06/2021;Ações;BPAC11;C;1,00000000;118,72;NU INVEST CORRETORA DE VALORES;0,00;0,00;0,00;0,00
14/06/2021;Ações;WEGE3;C;20,00000000;35,02;NU INVEST CORRETORA DE VALORES;0,00;0,00;0,00;0,00
14/06/2021;Ações;ABEV3;C;1,00000000;19,41;NU INVEST CORRETORA DE VALORES;0,00;0,00;0,00;0,00
14/06/2021;Ações;BBDC3;C;10,00000000;23,85;NU INVEST CORRETORA DE VALORES;0,00;0,00;0,00;0,00
14/06/2021;Ações;RDOR3;C;10,00000000;69,36;NU INVEST CORRETORA DE VALORES;0,00;0,00;0,00;0,00
14/06/2021;Ações;LREN3;C;1,00000000;47,94;NU INVEST CORRETORA DE VALORES;0,00;0,00;0,00;0,00
14/06/2021;Ações;TRPL4;C;1,00000000;27,42;NU INVEST CORRETORA DE VALORES;0,00;0,00;0,00;0,00
14/06/2021;BDR;JNJB34;C;5,00000000;55,55;NU INVEST CORRETORA DE VALORES;0,00;0,00;0,00;0,00
14/06/2021;BDR;BERK34;C;5,00000000;71,64;NU INVEST CORRETORA DE VALORES;0,00;0,00;0,00;0,00
14/06/2021;BDR;COCA34;C;5,00000000;46,80;NU INVEST CORRETORA DE VALORES;0,00;0,00;0,00;0,00
14/06/2021;BDR;DISB34;C;5,00000000;59,93;NU INVEST CORRETORA DE VALORES;0,00;0,00;0,00;0,00
14/06/2021;BDR;GOGL34;C;5,00000000;81,98;NU INVEST CORRETORA DE VALORES;0,00;0,00;0,00;0,00
14/06/2021;BDR;MSFT34;C;5,00000000;54,39;NU INVEST CORRETORA DE VALORES;0,00;0,00;0,00;0,00
14/06/2021;BDR;NIKE34;C;5,00000000;66,11;NU INVEST CORRETORA DE VALORES;0,00;0,00;0,00;0,00
14/06/2021;BDR;AMZO34;C;3,00000000;108,65;NU INVEST CORRETORA DE VALORES;0,00;0,00;0,00;0,00
14/06/2021;Ações;GOAU4;C;1,00000000;14,44;NU INVEST CORRETORA DE VALORES;0,00;0,00;0,00;0,00
08/06/2021;ETF;IVVB11;V;1,00000000;230,05;NU INVEST CORRETORA DE VALORES;0,00;0,00;0,00;0,00
08/06/2021;Ações;ITSA4;V;100,00000000;11,83;CLEAR CORRETORA;0,00;0,00;0,00;0,00
08/06/2021;Ações;ITSA4;V;10,00000000;11,81;CLEAR CORRETORA;0,00;0,00;0,00;0,00
08/06/2021;Fundos imobiliários;MXRF11;V;2,00000000;10,41;NU INVEST CORRETORA DE VALORES;0,00;0,00;0,00;0,00
08/06/2021;Ações;PSSA3;V;14,00000000;54,08;CLEAR CORRETORA;0,00;0,00;0,00;0,00
08/06/2021;Ações;BBAS3;V;40,00000000;35,93;CLEAR CORRETORA;0,00;0,00;0,00;0,00
08/06/2021;Ações;BBAS3;V;5,00000000;35,94;CLEAR CORRETORA;0,00;0,00;0,00;0,00
08/06/2021;Ações;TAEE4;V;100,00000000;13,44;CLEAR CORRETORA;0,00;0,00;0,00;0,00
08/06/2021;Ações;TAEE4;V;2,00000000;13,45;CLEAR CORRETORA;0,00;0,00;0,00;0,00
08/06/2021;Ações;ABEV3;V;75,00000000;19,73;CLEAR CORRETORA;0,00;0,00;0,00;0,00
08/06/2021;Ações;TRPL4;V;2,00000000;26,97;CLEAR CORRETORA;0,00;0,00;0,00;0,00
08/06/2021;Ações;TRPL4;V;11,00000000;26,98;CLEAR CORRETORA;0,00;0,00;0,00;0,00
08/06/2021;Ações;TRPL4;V;2,00000000;26,99;CLEAR CORRETORA;0,00;0,00;0,00;0,00
08/06/2021;ETF;XINA11;V;48,00000000;9,98;NU INVEST CORRETORA DE VALORES;0,00;0,00;0,00;0,00
07/06/2021;Ações;BBSE3;C;7,00000000;24,58;MODAL DTVM LTDA;0,00;0,00;0,00;0,00
07/06/2021;Ações;SAPR4;C;74,00000000;4,14;NU INVEST CORRETORA DE VALORES;0,00;0,00;0,00;0,00
07/06/2021;Ações;SBSP3;V;5,00000000;38,75;NU INVEST CORRETORA DE VALORES;0,00;0,00;0,00;0,00
04/06/2021;Ações;SBSP3;C;5,00000000;38,85;NU INVEST CORRETORA DE VALORES;0,00;0,00;0,00;0,00
02/06/2021;Ações;BBSE3;C;20,00000000;24,04;MODAL DTVM LTDA;0,00;0,00;0,00;0,00
02/06/2021;Ações;LREN3;V;10,00000000;47,68;CLEAR CORRETORA;0,00;0,00;0,00;0,00
02/06/2021;Ações;GMAT3;C;34,00000000;8,10;CLEAR CORRETORA;0,00;0,00;0,00;0,00
02/06/2021;Ações;LAME4;C;10,00000000;21,57;CLEAR CORRETORA;0,00;0,00;0,00;0,00
20/05/2021;Fundos imobiliários;TGAR11;C;4,00000000;133,58;NU INVEST CORRETORA DE VALORES;0,00;0,00;0,00;0,00
07/05/2021;Ações;BPAC11;V;3,00000000;114,00;CLEAR CORRETORA;0,00;0,00;0,00;0,00
07/05/2021;Ações;RDOR3;V;8,00000000;72,00;CLEAR CORRETORA;0,00;0,00;0,00;0,00
07/05/2021;Ações;TOTS3;V;10,00000000;34,12;CLEAR CORRETORA;0,00;0,00;0,00;0,00
23/04/2021;ETF;HASH11;C;20,00000000;47,20;MODAL DTVM LTDA;0,00;0,00;0,00;0,00
20/04/2021;Ações;LREN3;C;10,00000000;43,80;CLEAR CORRETORA;0,00;0,00;0,00;0,00
16/04/2021;Fundos imobiliários;MXRF11;C;1,00000000;10,48;NU INVEST CORRETORA DE VALORES;0,00;0,00;0,00;0,00
15/04/2021;Ações;BBAS3;C;3,00000000;29,76;MODAL DTVM LTDA;0,00;0,00;0,00;0,00
15/04/2021;Ações;BBSE3;C;1,00000000;23,82;MODAL DTVM LTDA;0,00;0,00;0,00;0,00
08/04/2021;Fundos imobiliários;MXRF11;C;1,00000000;10,33;NU INVEST CORRETORA DE VALORES;0,00;0,00;0,00;0,00
08/04/2021;Fundos imobiliários;VINO11;C;1,00000000;60,81;NU INVEST CORRETORA DE VALORES;0,00;0,00;0,00;0,00
23/03/2021;Fundos imobiliários;RECR11;C;3,00000000;98,00;MODAL DTVM LTDA;0,00;0,00;0,00;0,00
23/03/2021;Ações;RDOR3;C;8,00000000;62,00;CLEAR CORRETORA;0,00;0,00;0,00;0,00
19/03/2021;Ações;MGLU3;C;21,00000000;22,59;CLEAR CORRETORA;0,00;0,00;0,00;0,00
19/03/2021;Ações;WEGE3;C;7,00000000;71,80;CLEAR CORRETORA;0,00;0,00;0,00;0,00
16/03/2021;Ações;SAPR4;C;1,00000000;4,18;CLEAR CORRETORA;0,00;0,00;0,00;0,00
16/03/2021;Ações;BPAC11;C;3,00000000;92,30;CLEAR CORRETORA;0,00;0,00;0,00;0,00
16/03/2021;Ações;AERI3;C;22,00000000;9,72;CLEAR CORRETORA;0,00;0,00;0,00;0,00
16/03/2021;Ações;AERI3;C;28,00000000;9,71;CLEAR CORRETORA;0,00;0,00;0,00;0,00
16/03/2021;Ações;BBDC3;V;48,00000000;21,70;CLEAR CORRETORA;0,00;0,00;0,00;0,00
16/03/2021;Ações;GMAT3;C;75,00000000;7,41;CLEAR CORRETORA;0,00;0,00;0,00;0,00
16/03/2021;Ações;TOTS3;C;2,00000000;29,12;CLEAR CORRETORA;0,00;0,00;0,00;0,00
16/03/2021;Ações;TOTS3;C;8,00000000;29,13;CLEAR CORRETORA;0,00;0,00;0,00;0,00
16/03/2021;Ações;LAME4;C;20,00000000;22,24;CLEAR CORRETORA;0,00;0,00;0,00;0,00
16/03/2021;Ações;EGIE3;V;25,00000000;40,30;CLEAR CORRETORA;0,00;0,00;0,00;0,00
15/03/2021;Fundos imobiliários;MXRF11;V;4,00000000;10,40;NU INVEST CORRETORA DE VALORES;0,00;0,00;0,00;0,00
15/03/2021;Fundos imobiliários;XPLG11;C;1,00000000;115,54;MODAL DTVM LTDA;0,00;0,00;0,00;0,00
15/03/2021;Ações;AERI3;C;50,00000000;9,99;CLEAR CORRETORA;0,00;0,00;0,00;0,00
10/03/2021;Fundos imobiliários;VISC11;C;9,00000000;108,77;MODAL DTVM LTDA;0,00;0,00;0,00;0,00
10/03/2021;Fundos imobiliários;XPML11;V;10,00000000;103,97;CLEAR CORRETORA;0,00;0,00;0,00;0,00
09/03/2021;Fundos imobiliários;MXRF11;C;1,00000000;10,58;NU INVEST CORRETORA DE VALORES;0,00;0,00;0,00;0,00
08/03/2021;Ações;MGLU3;C;5,00000000;23,50;CLEAR CORRETORA;0,00;0,00;0,00;0,00
08/03/2021;Ações;MGLU3;C;10,00000000;24,17;CLEAR CORRETORA;0,00;0,00;0,00;0,00
04/03/2021;Fundos imobiliários;RECR11;C;9,00000000;98,00;MODAL DTVM LTDA;0,00;0,00;0,00;0,00
03/03/2021;Ações;PSSA3;C;14,00000000;42,80;CLEAR CORRETORA;0,00;0,00;0,00;0,00
03/03/2021;Ações;BBAS3;C;15,00000000;28,57;CLEAR CORRETORA;0,00;0,00;0,00;0,00
03/03/2021;Ações;SAPR4;C;100,00000000;3,93;CLEAR CORRETORA;0,00;0,00;0,00;0,00
03/03/2021;Ações;TRPL4;C;15,00000000;23,51;CLEAR CORRETORA;0,00;0,00;0,00;0,00
01/03/2021;Ações;KLBN4;V;66,00000000;6,16;CLEAR CORRETORA;0,00;0,00;0,00;0,00
01/03/2021;Ações;SAPR4;C;100,00000000;3,93;CLEAR CORRETORA;0,00;0,00;0,00;0,00
26/02/2021;ETF;XINA11;C;3,00000000;11,93;NU INVEST CORRETORA DE VALORES;0,00;0,00;0,00;0,00
18/02/2021;Fundos imobiliários;MXRF11;C;2,00000000;10,71;NU INVEST CORRETORA DE VALORES;0,00;0,00;0,00;0,00
18/02/2021;Fundos imobiliários;KISU11;C;3,00000000;113,89;MODAL DTVM LTDA;0,00;0,00;0,00;0,00
18/02/2021;ETF;XINA11;C;20,00000000;12,80;NU INVEST CORRETORA DE VALORES;0,00;0,00;0,00;0,00
18/02/2021;ETF;XINA11;C;20,00000000;12,51;NU INVEST CORRETORA DE VALORES;0,00;0,00;0,00;0,00
09/02/2021;ETF;IVVB11;C;1,00000000;228,26;NU INVEST CORRETORA DE VALORES;0,00;0,00;0,00;0,00
09/02/2021;Fundos imobiliários;MXRF11;C;1,00000000;10,70;NU INVEST CORRETORA DE VALORES;0,00;0,00;0,00;0,00
09/02/2021;ETF;EURP11;C;5,00000000;10,28;NU INVEST CORRETORA DE VALORES;0,00;0,00;0,00;0,00
09/02/2021;ETF;XINA11;C;5,00000000;12,22;NU INVEST CORRETORA DE VALORES;0,00;0,00;0,00;0,00
04/02/2021;Fundos imobiliários;VISC11;C;1,00000000;115,08;MODAL DTVM LTDA;0,00;0,00;0,00;0,00
29/01/2021;Ações;TAEE4;C;2,00000000;10,84;CLEAR CORRETORA;0,00;0,00;0,00;0,00
20/01/2021;Ações;AERI3;C;100,00000000;12,19;CLEAR CORRETORA;0,00;0,00;0,00;0,00
19/01/2021;Ações;AERI3;V;100,00000000;12,51;CLEAR CORRETORA;0,00;0,00;0,00;0,00
15/01/2021;Fundos imobiliários;VINO11;C;2,00000000;62,16;NU INVEST CORRETORA DE VALORES;0,00;0,00;0,00;0,00
11/01/2021;Ações;TAEE4;C;100,00000000;10,95;CLEAR CORRETORA;0,00;0,00;0,00;0,00
11/01/2021;Ações;SAPR4;V;200,00000000;4,67;CLEAR CORRETORA;0,00;0,00;0,00;0,00
11/01/2021;Ações;TAEE3;V;100,00000000;10,94;CLEAR CORRETORA;0,00;0,00;0,00;0,00
11/01/2021;Ações;TAEE3;V;34,00000000;10,95;CLEAR CORRETORA;0,00;0,00;0,00;0,00
07/01/2021;Ações;SAPR4;C;200,00000000;4,77;CLEAR CORRETORA;0,00;0,00;0,00;0,00
05/01/2021;Ações;KLBN4;C;3,00000000;5,08;CLEAR CORRETORA;0,00;0,00;0,00;0,00
05/01/2021;Ações;BBSE3;C;5,00000000;28,63;CLEAR CORRETORA;0,00;0,00;0,00;0,00
05/01/2021;Ações;SAPR4;V;200,00000000;4,86;CLEAR CORRETORA;0,00;0,00;0,00;0,00
05/01/2021;Ações;SAPR4;V;43,00000000;4,87;CLEAR CORRETORA;0,00;0,00;0,00;0,00
05/01/2021;Ações;AERI3;C;100,00000000;10,52;CLEAR CORRETORA;0,00;0,00;0,00;0,00
11/12/2020;Fundos imobiliários;RECR11;C;3,00000000;105,24;MODAL DTVM LTDA;0,00;0,00;0,00;0,00
11/12/2020;Fundos imobiliários;XPLG11;C;4,00000000;121,95;MODAL DTVM LTDA;0,00;0,00;0,00;0,00
09/12/2020;Fundos imobiliários;RECR11;C;6,00000000;105,20;MODAL DTVM LTDA;0,00;0,00;0,00;0,00
09/12/2020;Fundos imobiliários;XPLG11;C;9,00000000;122,74;MODAL DTVM LTDA;0,00;0,00;0,00;0,00
09/12/2020;Fundos imobiliários;XPLG11;C;7,00000000;122,73;MODAL DTVM LTDA;0,00;0,00;0,00;0,00
08/12/2020;Ações;ITSA4;C;24,00000000;11,31;CLEAR CORRETORA;0,00;0,00;0,00;0,00
08/12/2020;Ações;BBAS3;C;5,00000000;37,10;CLEAR CORRETORA;0,00;0,00;0,00;0,00
08/12/2020;Fundos imobiliários;BCFF11;C;15,00000000;89,34;NU INVEST CORRETORA DE VALORES;0,00;0,00;0,00;0,00
08/12/2020;Fundos imobiliários;XPML11;C;10,00000000;113,40;NU INVEST CORRETORA DE VALORES;0,00;0,00;0,00;0,00
08/12/2020;Ações;SAPR4;C;88,00000000;5,16;CLEAR CORRETORA;0,00;0,00;0,00;0,00
08/12/2020;Ações;WEGE3;C;3,00000000;71,48;CLEAR CORRETORA;0,00;0,00;0,00;0,00
08/12/2020;Ações;WEGE3;C;2,00000000;71,47;CLEAR CORRETORA;0,00;0,00;0,00;0,00
08/12/2020;Fundos imobiliários;VINO11;C;5,00000000;59,19;NU INVEST CORRETORA DE VALORES;0,00;0,00;0,00;0,00
08/12/2020;Ações;ABEV3;C;15,00000000;14,91;CLEAR CORRETORA;0,00;0,00;0,00;0,00
08/12/2020;Ações;BBDC3;C;8,00000000;23,15;CLEAR CORRETORA;0,00;0,00;0,00;0,00
08/12/2020;Ações;VIVT3;C;8,00000000;43,96;CLEAR CORRETORA;0,00;0,00;0,00;0,00
08/12/2020;Ações;EGIE3;C;25,00000000;43,25;CLEAR CORRETORA;0,00;0,00;0,00;0,00
04/12/2020;Ações;ITSA4;C;6,00000000;11,26;CLEAR CORRETORA;0,00;0,00;0,00;0,00
04/12/2020;Ações;BBSE3;V;21,00000000;28,84;CLEAR CORRETORA;0,00;0,00;0,00;0,00
04/12/2020;Ações;BBSE3;V;9,00000000;28,86;CLEAR CORRETORA;0,00;0,00;0,00;0,00
04/12/2020;Fundos imobiliários;TGAR11;V;1,00000000;133,59;CLEAR CORRETORA;0,00;0,00;0,00;0,00
04/12/2020;Fundos imobiliários;TGAR11;V;1,00000000;133,60;CLEAR CORRETORA;0,00;0,00;0,00;0,00
04/12/2020;Fundos imobiliários;TGAR11;V;2,00000000;133,62;CLEAR CORRETORA;0,00;0,00;0,00;0,00
04/12/2020;Fundos imobiliários;TGAR11;V;1,00000000;133,58;CLEAR CORRETORA;0,00;0,00;0,00;0,00
04/12/2020;Fundos imobiliários;BCFF11;V;10,00000000;89,93;CLEAR CORRETORA;0,00;0,00;0,00;0,00
04/12/2020;Ações;SAPR4;C;40,00000000;5,33;CLEAR CORRETORA;0,00;0,00;0,00;0,00
04/12/2020;Fundos imobiliários;VINO11;V;5,00000000;59,60;CLEAR CORRETORA;0,00;0,00;0,00;0,00
04/12/2020;Ações;ENBR3;C;15,00000000;19,45;CLEAR CORRETORA;0,00;0,00;0,00;0,00
04/12/2020;Ações;ABEV3;C;10,00000000;14,74;CLEAR CORRETORA;0,00;0,00;0,00;0,00
04/12/2020;Ações;BBDC3;C;39,00000000;22,93;CLEAR CORRETORA;0,00;0,00;0,00;0,00
04/12/2020;Ações;BBDC3;C;1,00000000;22,91;CLEAR CORRETORA;0,00;0,00;0,00;0,00
04/12/2020;Ações;VIVT3;C;5,00000000;43,79;CLEAR CORRETORA;0,00;0,00;0,00;0,00
04/12/2020;Fundos imobiliários;XPIN11;V;16,00000000;114,99;CLEAR CORRETORA;0,00;0,00;0,00;0,00
04/12/2020;Ações;SAPR3;V;10,00000000;5,70;CLEAR CORRETORA;0,00;0,00;0,00;0,00
04/12/2020;Ações;BIDI3;V;2,00000000;25,90;CLEAR CORRETORA;0,00;0,00;0,00;0,00
03/12/2020;Ações;ITSA4;C;7,00000000;11,10;CLEAR CORRETORA;0,00;0,00;0,00;0,00
03/12/2020;Ações;KLBN4;C;10,00000000;4,89;CLEAR CORRETORA;0,00;0,00;0,00;0,00
03/12/2020;Ações;TAEE4;V;118,00000000;11,03;CLEAR CORRETORA;0,00;0,00;0,00;0,00
03/12/2020;Ações;TAEE4;V;16,00000000;11,02;CLEAR CORRETORA;0,00;0,00;0,00;0,00
03/12/2020;Ações;BBDC3;V;41,00000000;22,90;CLEAR CORRETORA;0,00;0,00;0,00;0,00
03/12/2020;Ações;TRPL4;V;28,00000000;26,91;CLEAR CORRETORA;0,00;0,00;0,00;0,00
03/12/2020;Ações;TRPL4;V;2,00000000;26,92;CLEAR CORRETORA;0,00;0,00;0,00;0,00
03/12/2020;Ações;TAEE3;C;134,00000000;11,06;CLEAR CORRETORA;0,00;0,00;0,00;0,00
03/12/2020;Ações;SAPR3;C;10,00000000;5,67;CLEAR CORRETORA;0,00;0,00;0,00;0,00
03/12/2020;Ações;KLBN3;V;4,00000000;4,98;CLEAR CORRETORA;0,00;0,00;0,00;0,00
03/12/2020;Ações;VIIA3;V;10,00000000;17,16;CLEAR CORRETORA;0,00;0,00;0,00;0,00
02/12/2020;Fundos imobiliários;MXRF11;V;50,00000000;10,47;CLEAR CORRETORA;0,00;0,00;0,00;0,00
02/12/2020;Fundos imobiliários;XPIN11;C;4,00000000;114,98;CLEAR CORRETORA;0,00;0,00;0,00;0,00
02/12/2020;Ações;BIDI3;C;2,00000000;24,64;CLEAR CORRETORA;0,00;0,00;0,00;0,00
02/12/2020;Ações;KLBN3;C;4,00000000;5,12;CLEAR CORRETORA;0,00;0,00;0,00;0,00
30/11/2020;Fundos imobiliários;MXRF11;C;50,00000000;10,60;CLEAR CORRETORA;0,00;0,00;0,00;0,00
30/11/2020;Fundos imobiliários;TGAR11;C;3,00000000;134,40;CLEAR CORRETORA;0,00;0,00;0,00;0,00
30/11/2020;Fundos imobiliários;TGAR11;C;2,00000000;134,38;CLEAR CORRETORA;0,00;0,00;0,00;0,00
30/11/2020;Fundos imobiliários;BCFF11;C;10,00000000;89,70;CLEAR CORRETORA;0,00;0,00;0,00;0,00
30/11/2020;Fundos imobiliários;XPML11;C;7,00000000;110,63;CLEAR CORRETORA;0,00;0,00;0,00;0,00
30/11/2020;Fundos imobiliários;XPML11;C;1,00000000;110,58;CLEAR CORRETORA;0,00;0,00;0,00;0,00
30/11/2020;Fundos imobiliários;XPML11;C;2,00000000;110,53;CLEAR CORRETORA;0,00;0,00;0,00;0,00
30/11/2020;Fundos imobiliários;VINO11;C;2,00000000;60,17;CLEAR CORRETORA;0,00;0,00;0,00;0,00
30/11/2020;Fundos imobiliários;VINO11;C;3,00000000;60,16;CLEAR CORRETORA;0,00;0,00;0,00;0,00
30/11/2020;Ações;EGIE3;V;1,00000000;42,91;CLEAR CORRETORA;0,00;0,00;0,00;0,00
30/11/2020;Fundos imobiliários;XPIN11;C;12,00000000;115,00;CLEAR CORRETORA;0,00;0,00;0,00;0,00
30/11/2020;Ações;SAPR3;V;2,00000000;5,26;CLEAR CORRETORA;0,00;0,00;0,00;0,00
30/11/2020;Ações;VIIA3;C;7,00000000;17,88;CLEAR CORRETORA;0,00;0,00;0,00;0,00
30/11/2020;Ações;TIET3;V;20,00000000;3,23;CLEAR CORRETORA;0,00;0,00;0,00;0,00
27/11/2020;Ações;MGLU3;V;5,00000000;23,95;INTER DTVM LTDA;0,00;0,00;0,00;0,00
27/11/2020;Ações;TIET3;V;1,00000000;3,25;RICO INVESTIMENTOS;0,00;0,00;0,00;0,00
26/11/2020;Ações;MGLU3;C;1,00000000;24,17;CLEAR CORRETORA;0,00;0,00;0,00;0,00
26/11/2020;Ações;MGLU3;C;5,00000000;24,10;INTER DTVM LTDA;0,00;0,00;0,00;0,00
26/11/2020;Ações;EGIE3;C;1,00000000;43,01;CLEAR CORRETORA;0,00;0,00;0,00;0,00
26/11/2020;Ações;SAPR3;C;2,00000000;5,17;CLEAR CORRETORA;0,00;0,00;0,00;0,00
26/11/2020;Ações;VIIA3;C;3,00000000;19,00;CLEAR CORRETORA;0,00;0,00;0,00;0,00
26/11/2020;Ações;TIET3;C;20,00000000;3,25;CLEAR CORRETORA;0,00;0,00;0,00;0,00
26/11/2020;Ações;TIET3;C;1,00000000;3,25;RICO INVESTIMENTOS;0,00;0,00;0,00;0,00
20/11/2020;Ações;VIVT3;C;15,00000000;45,15;CLEAR CORRETORA;0,00;0,00;0,00;0,00
20/11/2020;Ações;VIVT4;V;15,00000000;45,15;CLEAR CORRETORA;0,00;0,00;0,00;0,00
18/11/2020;Ações;ITSA4;C;15,00000000;10,72;CLEAR CORRETORA;0,00;0,00;0,00;0,00
18/11/2020;Fundos imobiliários;RECR11;C;10,00000000;105,39;MODAL DTVM LTDA;0,00;0,00;0,00;0,00
18/11/2020;Ações;BBAS3;C;10,00000000;34,36;CLEAR CORRETORA;0,00;0,00;0,00;0,00
18/11/2020;Ações;KLBN4;C;100,00000000;4,73;CLEAR CORRETORA;0,00;0,00;0,00;0,00
18/11/2020;Ações;BBSE3;C;30,00000000;28,83;CLEAR CORRETORA;0,00;0,00;0,00;0,00
18/11/2020;Fundos imobiliários;XPLG11;C;7,00000000;128,38;MODAL DTVM LTDA;0,00;0,00;0,00;0,00
18/11/2020;Fundos imobiliários;XPLG11;C;2,00000000;128,39;MODAL DTVM LTDA;0,00;0,00;0,00;0,00
18/11/2020;Fundos imobiliários;XPLG11;C;1,00000000;128,28;MODAL DTVM LTDA;0,00;0,00;0,00;0,00
18/11/2020;Fundos imobiliários;XPLG11;C;5,00000000;128,36;MODAL DTVM LTDA;0,00;0,00;0,00;0,00
18/11/2020;Fundos imobiliários;XPLG11;C;5,00000000;128,37;MODAL DTVM LTDA;0,00;0,00;0,00;0,00
18/11/2020;Fundos imobiliários;TGAR11;C;5,00000000;134,55;NU INVEST CORRETORA DE VALORES;0,00;0,00;0,00;0,00
18/11/2020;Fundos imobiliários;BCFF11;C;20,00000000;90,00;NU INVEST CORRETORA DE VALORES;0,00;0,00;0,00;0,00
18/11/2020;Fundos imobiliários;XPML11;C;17,00000000;112,41;NU INVEST CORRETORA DE VALORES;0,00;0,00;0,00;0,00
18/11/2020;Ações;SAPR4;C;100,00000000;5,05;CLEAR CORRETORA;0,00;0,00;0,00;0,00
18/11/2020;Ações;SAPR4;C;14,00000000;4,99;CLEAR CORRETORA;0,00;0,00;0,00;0,00
18/11/2020;Fundos imobiliários;VINO11;C;25,00000000;59,00;NU INVEST CORRETORA DE VALORES;0,00;0,00;0,00;0,00
18/11/2020;Ações;ENBR3;C;5,00000000;18,89;CLEAR CORRETORA;0,00;0,00;0,00;0,00
18/11/2020;Ações;ABEV3;C;10,00000000;14,85;CLEAR CORRETORA;0,00;0,00;0,00;0,00
18/11/2020;Ações;VIVT4;C;4,00000000;47,08;CLEAR CORRETORA;0,00;0,00;0,00;0,00
18/11/2020;Ações;VIVT4;C;2,00000000;47,09;CLEAR CORRETORA;0,00;0,00;0,00;0,00
18/11/2020;Ações;VIVT4;C;9,00000000;47,10;CLEAR CORRETORA;0,00;0,00;0,00;0,00
18/11/2020;Ações;TIET4;V;200,00000000;3,19;CLEAR CORRETORA;0,00;0,00;0,00;0,00
18/11/2020;Ações;FLRY3;V;45,00000000;27,45;CLEAR CORRETORA;0,00;0,00;0,00;0,00
18/11/2020;Ações;PETR4;V;15,00000000;24,03;CLEAR CORRETORA;0,00;0,00;0,00;0,00
18/11/2020;Ações;RENT3;V;8,00000000;65,91;CLEAR CORRETORA;0,00;0,00;0,00;0,00
18/11/2020;Fundos imobiliários;HGBS11;V;1,00000000;209,41;NU INVEST CORRETORA DE VALORES;0,00;0,00;0,00;0,00
18/11/2020;Fundos imobiliários;HGBS11;V;1,00000000;209,37;NU INVEST CORRETORA DE VALORES;0,00;0,00;0,00;0,00
17/11/2020;Fundos imobiliários;MXRF11;V;204,00000000;10,55;NU INVEST CORRETORA DE VALORES;0,00;0,00;0,00;0,00
17/11/2020;Fundos imobiliários;KNRI11;V;1,00000000;159,21;NU INVEST CORRETORA DE VALORES;0,00;0,00;0,00;0,00
17/11/2020;Fundos imobiliários;VISC11;V;3,00000000;114,20;MODAL DTVM LTDA;0,00;0,00;0,00;0,00
17/11/2020;Fundos imobiliários;XPLG11;V;17,00000000;127,87;MODAL DTVM LTDA;0,00;0,00;0,00;0,00
17/11/2020;Fundos imobiliários;BCFF11;V;10,00000000;90,08;NU INVEST CORRETORA DE VALORES;0,00;0,00;0,00;0,00
17/11/2020;Fundos imobiliários;XPML11;V;2,00000000;112,14;NU INVEST CORRETORA DE VALORES;0,00;0,00;0,00;0,00
17/11/2020;Fundos imobiliários;XPML11;V;10,00000000;112,15;NU INVEST CORRETORA DE VALORES;0,00;0,00;0,00;0,00
17/11/2020;Fundos imobiliários;XPML11;V;1,00000000;112,30;NU INVEST CORRETORA DE VALORES;0,00;0,00;0,00;0,00
17/11/2020;Fundos imobiliários;VINO11;V;35,00000000;59,04;NU INVEST CORRETORA DE VALORES;0,00;0,00;0,00;0,00
17/11/2020;Fundos imobiliários;VINO11;V;2,00000000;59,05;NU INVEST CORRETORA DE VALORES;0,00;0,00;0,00;0,00
17/11/2020;BDR;AAPL34;V;3,00000000;64,35;CLEAR CORRETORA;0,00;0,00;0,00;0,00
17/11/2020;BDR;MSFT34;V;1,00000000;47,98;CLEAR CORRETORA;0,00;0,00;0,00;0,00
17/11/2020;BDR;MSFT34;V;2,00000000;47,97;CLEAR CORRETORA;0,00;0,00;0,00;0,00
17/11/2020;BDR;BABA34;V;3,00000000;49,00;CLEAR CORRETORA;0,00;0,00;0,00;0,00
17/11/2020;BDR;JPMC34;V;2,00000000;61,80;CLEAR CORRETORA;0,00;0,00;0,00;0,00
17/11/2020;Fundos imobiliários;BRCR11;V;7,00000000;88,45;NU INVEST CORRETORA DE VALORES;0,00;0,00;0,00;0,00
17/11/2020;Fundos imobiliários;HGLG11;V;5,00000000;168,06;NU INVEST CORRETORA DE VALORES;0,00;0,00;0,00;0,00
12/11/2020;Ações;ITSA4;C;4,00000000;10,41;CLEAR CORRETORA;0,00;0,00;0,00;0,00
12/11/2020;Ações;SAPR4;C;1,00000000;4,99;CLEAR CORRETORA;0,00;0,00;0,00;0,00
12/11/2020;BDR;AAPL34;C;3,00000000;64,94;CLEAR CORRETORA;0,00;0,00;0,00;0,00
12/11/2020;BDR;MSFT34;C;3,00000000;48,94;CLEAR CORRETORA;0,00;0,00;0,00;0,00
12/11/2020;Ações;FLRY3;C;15,00000000;26,57;CLEAR CORRETORA;0,00;0,00;0,00;0,00
12/11/2020;Ações;PETR4;C;13,00000000;22,17;CLEAR CORRETORA;0,00;0,00;0,00;0,00
12/11/2020;Ações;PETR4;C;2,00000000;22,16;CLEAR CORRETORA;0,00;0,00;0,00;0,00
12/11/2020;Ações;RENT3;C;8,00000000;64,45;CLEAR CORRETORA;0,00;0,00;0,00;0,00
12/11/2020;BDR;BABA34;C;3,00000000;51,59;CLEAR CORRETORA;0,00;0,00;0,00;0,00
12/11/2020;BDR;JPMC34;C;2,00000000;61,35;CLEAR CORRETORA;0,00;0,00;0,00;0,00
10/11/2020;Ações;TAEE4;C;50,00000000;10,16;CLEAR CORRETORA;0,00;0,00;0,00;0,00
10/11/2020;Ações;JBSS3;V;20,00000000;20,53;CLEAR CORRETORA;0,00;0,00;0,00;0,00
10/11/2020;Ações;SBFG3;V;10,00000000;27,93;CLEAR CORRETORA;0,00;0,00;0,00;0,00
09/11/2020;Ações;ITSA4;V;99,00000000;10,26;MODAL DTVM LTDA;0,00;0,00;0,00;0,00
09/11/2020;Ações;KLBN4;C;37,00000000;4,78;CLEAR CORRETORA;0,00;0,00;0,00;0,00
09/11/2020;Ações;BBSE3;V;5,00000000;26,78;CLEAR CORRETORA;0,00;0,00;0,00;0,00
09/11/2020;Ações;TAEE4;C;50,00000000;10,18;CLEAR CORRETORA;0,00;0,00;0,00;0,00
09/11/2020;Fundos imobiliários;XPLG11;C;7,00000000;128,14;MODAL DTVM LTDA;0,00;0,00;0,00;0,00
09/11/2020;Fundos imobiliários;XPML11;C;5,00000000;113,22;NU INVEST CORRETORA DE VALORES;0,00;0,00;0,00;0,00
09/11/2020;Fundos imobiliários;XPML11;C;2,00000000;113,20;NU INVEST CORRETORA DE VALORES;0,00;0,00;0,00;0,00
09/11/2020;Fundos imobiliários;XPML11;C;2,00000000;113,19;NU INVEST CORRETORA DE VALORES;0,00;0,00;0,00;0,00
09/11/2020;Ações;WEGE3;C;10,00000000;82,03;CLEAR CORRETORA;0,00;0,00;0,00;0,00
09/11/2020;Fundos imobiliários;VINO11;C;8,00000000;60,04;NU INVEST CORRETORA DE VALORES;0,00;0,00;0,00;0,00
09/11/2020;Ações;ABEV3;V;99,00000000;13,99;NU INVEST CORRETORA DE VALORES;0,00;0,00;0,00;0,00
09/11/2020;Ações;LREN3;V;13,00000000;47,64;CLEAR CORRETORA;0,00;0,00;0,00;0,00
09/11/2020;Ações;TRPL4;C;18,00000000;25,89;CLEAR CORRETORA;0,00;0,00;0,00;0,00
09/11/2020;Ações;TRPL4;C;2,00000000;25,87;CLEAR CORRETORA;0,00;0,00;0,00;0,00
09/11/2020;Ações;EGIE3;V;1,00000000;44,00;CLEAR CORRETORA;0,00;0,00;0,00;0,00
09/11/2020;Ações;KLBN3;V;31,00000000;4,83;CLEAR CORRETORA;0,00;0,00;0,00;0,00
09/11/2020;Ações;VIIA3;V;66,00000000;19,34;CLEAR CORRETORA;0,00;0,00;0,00;0,00
09/11/2020;Ações;TIET4;C;100,00000000;3,15;CLEAR CORRETORA;0,00;0,00;0,00;0,00
09/11/2020;Ações;FLRY3;C;10,00000000;28,12;CLEAR CORRETORA;0,00;0,00;0,00;0,00
09/11/2020;Ações;PETR4;V;9,00000000;21,51;CLEAR CORRETORA;0,00;0,00;0,00;0,00
09/11/2020;Ações;JBSS3;C;20,00000000;20,46;CLEAR CORRETORA;0,00;0,00;0,00;0,00
09/11/2020;Ações;SBFG3;C;10,00000000;27,09;CLEAR CORRETORA;0,00;0,00;0,00;0,00
09/11/2020;Ações;MRVE3;V;6,00000000;19,30;CLEAR CORRETORA;0,00;0,00;0,00;0,00
03/11/2020;Ações;ITSA4;C;4,00000000;9,28;CLEAR CORRETORA;0,00;0,00;0,00;0,00
03/11/2020;Ações;ITSA4;C;30,00000000;9,20;CLEAR CORRETORA;0,00;0,00;0,00;0,00
03/11/2020;Ações;KLBN4;C;1,00000000;4,75;CLEAR CORRETORA;0,00;0,00;0,00;0,00
03/11/2020;Ações;KLBN4;C;10,00000000;4,77;CLEAR CORRETORA;0,00;0,00;0,00;0,00
03/11/2020;Ações;TAEE4;C;30,00000000;9,64;CLEAR CORRETORA;0,00;0,00;0,00;0,00
03/11/2020;Ações;ENBR3;C;20,00000000;17,26;CLEAR CORRETORA;0,00;0,00;0,00;0,00
29/10/2020;Ações;ENBR3;C;9,00000000;17,27;CLEAR CORRETORA;0,00;0,00;0,00;0,00
29/10/2020;Ações;BBDC3;C;11,00000000;18,15;CLEAR CORRETORA;0,00;0,00;0,00;0,00
29/10/2020;Ações;LREN3;C;3,00000000;39,33;CLEAR CORRETORA;0,00;0,00;0,00;0,00
29/10/2020;Ações;KLBN3;C;31,00000000;4,81;CLEAR CORRETORA;0,00;0,00;0,00;0,00
29/10/2020;Ações;VIIA3;C;6,00000000;17,99;CLEAR CORRETORA;0,00;0,00;0,00;0,00
29/10/2020;Ações;PETR4;C;9,00000000;18,75;CLEAR CORRETORA;0,00;0,00;0,00;0,00
29/10/2020;Ações;MRVE3;C;6,00000000;17,26;CLEAR CORRETORA;0,00;0,00;0,00;0,00
19/10/2020;Ações;KLBN4;C;2,00000000;5,07;CLEAR CORRETORA;0,00;0,00;0,00;0,00
19/10/2020;Ações;KLBN4;C;50,00000000;5,06;CLEAR CORRETORA;0,00;0,00;0,00;0,00
19/10/2020;Ações;BBSE3;C;5,00000000;25,33;CLEAR CORRETORA;0,00;0,00;0,00;0,00
19/10/2020;Ações;MGLU3;C;4,00000000;25,76;CLEAR CORRETORA;0,00;0,00;0,00;0,00
19/10/2020;Ações;ENBR3;C;5,00000000;18,12;CLEAR CORRETORA;0,00;0,00;0,00;0,00
19/10/2020;Ações;TRPL4;C;10,00000000;22,24;CLEAR CORRETORA;0,00;0,00;0,00;0,00
19/10/2020;Ações;TAEE3;V;19,00000000;9,38;CLEAR CORRETORA;0,00;0,00;0,00;0,00
19/10/2020;Ações;TAEE3;V;36,00000000;9,39;CLEAR CORRETORA;0,00;0,00;0,00;0,00
19/10/2020;Ações;TIET3;V;200,00000000;3,04;CLEAR CORRETORA;0,00;0,00;0,00;0,00
19/10/2020;Ações;TIET4;C;100,00000000;3,05;CLEAR CORRETORA;0,00;0,00;0,00;0,00
19/10/2020;Ações;FLRY3;C;20,00000000;28,02;CLEAR CORRETORA;0,00;0,00;0,00;0,00
19/10/2020;Ações;ITSA3;V;2,00000000;10,60;CLEAR CORRETORA;0,00;0,00;0,00;0,00
19/10/2020;Ações;TRPL3;V;15,00000000;26,11;CLEAR CORRETORA;0,00;0,00;0,00;0,00
19/10/2020;Ações;TRPL3;V;5,00000000;26,15;CLEAR CORRETORA;0,00;0,00;0,00;0,00
16/10/2020;Ações;ITSA4;C;20,00000000;9,12;CLEAR CORRETORA;0,00;0,00;0,00;0,00
16/10/2020;Fundos imobiliários;MXRF11;C;3,00000000;10,69;NU INVEST CORRETORA DE VALORES;0,00;0,00;0,00;0,00
16/10/2020;Fundos imobiliários;RECR11;C;3,00000000;96,55;MODAL DTVM LTDA;0,00;0,00;0,00;0,00
16/10/2020;Fundos imobiliários;VISC11;C;3,00000000;117,41;MODAL DTVM LTDA;0,00;0,00;0,00;0,00
16/10/2020;Ações;TAEE4;C;4,00000000;9,47;CLEAR CORRETORA;0,00;0,00;0,00;0,00
16/10/2020;Fundos imobiliários;XPML11;C;4,00000000;109,78;NU INVEST CORRETORA DE VALORES;0,00;0,00;0,00;0,00
16/10/2020;Ações;MGLU3;C;20,00000000;25,62;CLEAR CORRETORA;0,00;0,00;0,00;0,00
16/10/2020;Ações;ABEV3;C;10,00000000;13,28;CLEAR CORRETORA;0,00;0,00;0,00;0,00
16/10/2020;Ações;VIIA3;C;30,00000000;19,40;CLEAR CORRETORA;0,00;0,00;0,00;0,00
16/10/2020;Fundos imobiliários;HGBS11;C;2,00000000;209,00;NU INVEST CORRETORA DE VALORES;0,00;0,00;0,00;0,00
15/10/2020;Ações;ITUB3;V;20,00000000;22,04;CLEAR CORRETORA;0,00;0,00;0,00;0,00
15/10/2020;Ações;SAPR3;V;2,00000000;5,25;CLEAR CORRETORA;0,00;0,00;0,00;0,00
14/10/2020;Fundos imobiliários;TGAR11;C;1,00000000;133,75;NU INVEST CORRETORA DE VALORES;0,00;0,00;0,00;0,00
09/10/2020;Fundos imobiliários;MXRF11;C;1,00000000;10,58;NU INVEST CORRETORA DE VALORES;0,00;0,00;0,00;0,00
09/10/2020;Fundos imobiliários;RECR11;C;5,00000000;96,49;MODAL DTVM LTDA;0,00;0,00;0,00;0,00
09/10/2020;Fundos imobiliários;TGAR11;C;5,00000000;132,48;NU INVEST CORRETORA DE VALORES;0,00;0,00;0,00;0,00
09/10/2020;Ações;MGLU3;C;5,00000000;91,95;CLEAR CORRETORA;0,00;0,00;0,00;0,00
09/10/2020;Ações;WEGE3;C;1,00000000;74,74;CLEAR CORRETORA;0,00;0,00;0,00;0,00
09/10/2020;Fundos imobiliários;VINO11;C;9,00000000;61,24;NU INVEST CORRETORA DE VALORES;0,00;0,00;0,00;0,00
09/10/2020;Ações;EGIE3;C;1,00000000;40,39;CLEAR CORRETORA;0,00;0,00;0,00;0,00
09/10/2020;Ações;SAPR3;C;2,00000000;5,15;CLEAR CORRETORA;0,00;0,00;0,00;0,00
09/10/2020;Fundos imobiliários;BRCR11;C;5,00000000;91,43;NU INVEST CORRETORA DE VALORES;0,00;0,00;0,00;0,00
09/10/2020;Ações;ITSA3;C;2,00000000;10,63;CLEAR CORRETORA;0,00;0,00;0,00;0,00
07/10/2020;Ações;BBAS3;C;15,00000000;29,98;CLEAR CORRETORA;0,00;0,00;0,00;0,00
07/10/2020;Ações;ABEV3;C;30,00000000;13,69;CLEAR CORRETORA;0,00;0,00;0,00;0,00
07/10/2020;Ações;BBDC3;C;30,00000000;18,19;CLEAR CORRETORA;0,00;0,00;0,00;0,00
07/10/2020;Ações;LREN3;C;10,00000000;39,62;CLEAR CORRETORA;0,00;0,00;0,00;0,00
07/10/2020;Ações;ITUB3;C;20,00000000;21,50;CLEAR CORRETORA;0,00;0,00;0,00;0,00
07/10/2020;Ações;TAEE3;C;55,00000000;9,34;CLEAR CORRETORA;0,00;0,00;0,00;0,00
07/10/2020;Ações;VIIA3;C;30,00000000;17,92;CLEAR CORRETORA;0,00;0,00;0,00;0,00
07/10/2020;Ações;TIET3;C;200,00000000;2,91;CLEAR CORRETORA;0,00;0,00;0,00;0,00
07/10/2020;Ações;TRPL3;C;20,00000000;26,28;CLEAR CORRETORA;0,00;0,00;0,00;0,00
02/10/2020;Fundos imobiliários;MXRF11;C;80,00000000;10,46;NU INVEST CORRETORA DE VALORES;0,00;0,00;0,00;0,00
02/10/2020;Fundos imobiliários;MXRF11;C;20,00000000;10,50;NU INVEST CORRETORA DE VALORES;0,00;0,00;0,00;0,00
30/09/2020;Fundos imobiliários;XPLG11;C;10,00000000;129,80;MODAL DTVM LTDA;0,00;0,00;0,00;0,00
30/09/2020;Fundos imobiliários;VINO11;C;20,00000000;59,74;NU INVEST CORRETORA DE VALORES;0,00;0,00;0,00;0,00
29/09/2020;Ações;ITSA4;C;99,00000000;8,86;MODAL DTVM LTDA;0,00;0,00;0,00;0,00
29/09/2020;Fundos imobiliários;MXRF11;C;50,00000000;10,97;NU INVEST CORRETORA DE VALORES;0,00;0,00;0,00;0,00
29/09/2020;Fundos imobiliários;BCFF11;C;5,00000000;90,71;NU INVEST CORRETORA DE VALORES;0,00;0,00;0,00;0,00
29/09/2020;Ações;ABEV3;C;99,00000000;12,34;NU INVEST CORRETORA DE VALORES;0,00;0,00;0,00;0,00
28/09/2020;Fundos imobiliários;KNRI11;C;1,00000000;165,25;NU INVEST CORRETORA DE VALORES;0,00;0,00;0,00;0,00
28/09/2020;Fundos imobiliários;BRCR11;C;2,00000000;91,19;NU INVEST CORRETORA DE VALORES;0,00;0,00;0,00;0,00
25/09/2020;Fundos imobiliários;MXRF11;C;50,00000000;10,89;NU INVEST CORRETORA DE VALORES;0,00;0,00;0,00;0,00
25/09/2020;Fundos imobiliários;HGLG11;C;5,00000000;168,55;NU INVEST CORRETORA DE VALORES;0,00;0,00;0,00;0,00
23/09/2020;Fundos imobiliários;BCFF11;C;5,00000000;90,96;NU INVEST CORRETORA DE VALORES;0,00;0,00;0,00;0,00
